FIPS,County,State,Type,RE,Sex,All Site,Bladder,Brain & ONS,Cervix,Colon & Rectum,"Corpus Uteri & Uterus, NOS",Esophagus,Female Breast,Kidney & Renal Pelvis,Leukemia,Liver & IBD,Lung & Bronchus,Melanoma of the Skin,Non-Hodgkin Lymphoma,Oral Cavity & Pharynx,Ovary,Pancreas,Prostate,Stomach,Thyroid
51001,"Accomack County, Virginia County",VA,Incidence,All,All,,,,,,,,,,,,,,,,,,,,
51001,"Accomack County, Virginia County",VA,Incidence,All,Female,,,,,,,,,,,,,,,,,,,,
51001,"Accomack County, Virginia County",VA,Incidence,All,Male,,,,,,,,,,,,,,,,,,,,
51001,"Accomack County, Virginia County",VA,Incidence,Black NH,All,,,,,,,,,,,,,,,,,,,,
51001,"Accomack County, Virginia County",VA,Incidence,Black NH,Female,,,,,,,,,,,,,,,,,,,,
51001,"Accomack County, Virginia County",VA,Incidence,Black NH,Male,,,,,,,,,,,,,,,,,,,,
51001,"Accomack County, Virginia County",VA,Incidence,Hispanic,All,,,,,,,,,,,,,,,,,,,,
51001,"Accomack County, Virginia County",VA,Incidence,Hispanic,Female,,,,,,,,,,,,,,,,,,,,
51001,"Accomack County, Virginia County",VA,Incidence,Hispanic,Male,,,,,,,,,,,,,,,,,,,,
51001,"Accomack County, Virginia County",VA,Incidence,White NH,All,,,,,,,,,,,,,,,,,,,,
51001,"Accomack County, Virginia County",VA,Incidence,White NH,Female,,,,,,,,,,,,,,,,,,,,
51001,"Accomack County, Virginia County",VA,Incidence,White NH,Male,,,,,,,,,,,,,,,,,,,,
51007,"Amelia County, Virginia County",VA,Incidence,All,All,,,,,,,,,,,,,,,,,,,,
51007,"Amelia County, Virginia County",VA,Incidence,All,Female,,,,,,,,,,,,,,,,,,,,
51007,"Amelia County, Virginia County",VA,Incidence,All,Male,,,,,,,,,,,,,,,,,,,,
51007,"Amelia County, Virginia County",VA,Incidence,Black NH,All,,,,,,,,,,,,,,,,,,,,
51007,"Amelia County, Virginia County",VA,Incidence,Black NH,Female,,,,,,,,,,,,,,,,,,,,
51007,"Amelia County, Virginia County",VA,Incidence,Black NH,Male,,,,,,,,,,,,,,,,,,,,
51007,"Amelia County, Virginia County",VA,Incidence,Hispanic,All,,,,,,,,,,,,,,,,,,,,
51007,"Amelia County, Virginia County",VA,Incidence,Hispanic,Female,,,,,,,,,,,,,,,,,,,,
51007,"Amelia County, Virginia County",VA,Incidence,Hispanic,Male,,,,,,,,,,,,,,,,,,,,
51007,"Amelia County, Virginia County",VA,Incidence,White NH,All,,,,,,,,,,,,,,,,,,,,
51007,"Amelia County, Virginia County",VA,Incidence,White NH,Female,,,,,,,,,,,,,,,,,,,,
51007,"Amelia County, Virginia County",VA,Incidence,White NH,Male,,,,,,,,,,,,,,,,,,,,
51011,"Appomattox County, Virginia County",VA,Incidence,All,All,,,,,,,,,,,,,,,,,,,,
51011,"Appomattox County, Virginia County",VA,Incidence,All,Female,,,,,,,,,,,,,,,,,,,,
51011,"Appomattox County, Virginia County",VA,Incidence,All,Male,,,,,,,,,,,,,,,,,,,,
51011,"Appomattox County, Virginia County",VA,Incidence,Black NH,All,,,,,,,,,,,,,,,,,,,,
51011,"Appomattox County, Virginia County",VA,Incidence,Black NH,Female,,,,,,,,,,,,,,,,,,,,
51011,"Appomattox County, Virginia County",VA,Incidence,Black NH,Male,,,,,,,,,,,,,,,,,,,,
51011,"Appomattox County, Virginia County",VA,Incidence,Hispanic,All,,,,,,,,,,,,,,,,,,,,
51011,"Appomattox County, Virginia County",VA,Incidence,Hispanic,Female,,,,,,,,,,,,,,,,,,,,
51011,"Appomattox County, Virginia County",VA,Incidence,Hispanic,Male,,,,,,,,,,,,,,,,,,,,
51011,"Appomattox County, Virginia County",VA,Incidence,White NH,All,,,,,,,,,,,,,,,,,,,,
51011,"Appomattox County, Virginia County",VA,Incidence,White NH,Female,,,,,,,,,,,,,,,,,,,,
51011,"Appomattox County, Virginia County",VA,Incidence,White NH,Male,,,,,,,,,,,,,,,,,,,,
51025,"Brunswick County, Virginia County",VA,Incidence,All,All,,,,,,,,,,,,,,,,,,,,
51025,"Brunswick County, Virginia County",VA,Incidence,All,Female,,,,,,,,,,,,,,,,,,,,
51025,"Brunswick County, Virginia County",VA,Incidence,All,Male,,,,,,,,,,,,,,,,,,,,
51025,"Brunswick County, Virginia County",VA,Incidence,Black NH,All,,,,,,,,,,,,,,,,,,,,
51025,"Brunswick County, Virginia County",VA,Incidence,Black NH,Female,,,,,,,,,,,,,,,,,,,,
51025,"Brunswick County, Virginia County",VA,Incidence,Black NH,Male,,,,,,,,,,,,,,,,,,,,
51025,"Brunswick County, Virginia County",VA,Incidence,Hispanic,All,,,,,,,,,,,,,,,,,,,,
51025,"Brunswick County, Virginia County",VA,Incidence,Hispanic,Female,,,,,,,,,,,,,,,,,,,,
51025,"Brunswick County, Virginia County",VA,Incidence,Hispanic,Male,,,,,,,,,,,,,,,,,,,,
51025,"Brunswick County, Virginia County",VA,Incidence,White NH,All,,,,,,,,,,,,,,,,,,,,
51025,"Brunswick County, Virginia County",VA,Incidence,White NH,Female,,,,,,,,,,,,,,,,,,,,
51025,"Brunswick County, Virginia County",VA,Incidence,White NH,Male,,,,,,,,,,,,,,,,,,,,
51029,"Buckingham County, Virginia County",VA,Incidence,All,All,,,,,,,,,,,,,,,,,,,,
51029,"Buckingham County, Virginia County",VA,Incidence,All,Female,,,,,,,,,,,,,,,,,,,,
51029,"Buckingham County, Virginia County",VA,Incidence,All,Male,,,,,,,,,,,,,,,,,,,,
51029,"Buckingham County, Virginia County",VA,Incidence,Black NH,All,,,,,,,,,,,,,,,,,,,,
51029,"Buckingham County, Virginia County",VA,Incidence,Black NH,Female,,,,,,,,,,,,,,,,,,,,
51029,"Buckingham County, Virginia County",VA,Incidence,Black NH,Male,,,,,,,,,,,,,,,,,,,,
51029,"Buckingham County, Virginia County",VA,Incidence,Hispanic,All,,,,,,,,,,,,,,,,,,,,
51029,"Buckingham County, Virginia County",VA,Incidence,Hispanic,Female,,,,,,,,,,,,,,,,,,,,
51029,"Buckingham County, Virginia County",VA,Incidence,Hispanic,Male,,,,,,,,,,,,,,,,,,,,
51029,"Buckingham County, Virginia County",VA,Incidence,White NH,All,,,,,,,,,,,,,,,,,,,,
51029,"Buckingham County, Virginia County",VA,Incidence,White NH,Female,,,,,,,,,,,,,,,,,,,,
51029,"Buckingham County, Virginia County",VA,Incidence,White NH,Male,,,,,,,,,,,,,,,,,,,,
51031,"Campbell County, Virginia County",VA,Incidence,All,All,,,,,,,,,,,,,,,,,,,,
51031,"Campbell County, Virginia County",VA,Incidence,All,Female,,,,,,,,,,,,,,,,,,,,
51031,"Campbell County, Virginia County",VA,Incidence,All,Male,,,,,,,,,,,,,,,,,,,,
51031,"Campbell County, Virginia County",VA,Incidence,Black NH,All,,,,,,,,,,,,,,,,,,,,
51031,"Campbell County, Virginia County",VA,Incidence,Black NH,Female,,,,,,,,,,,,,,,,,,,,
51031,"Campbell County, Virginia County",VA,Incidence,Black NH,Male,,,,,,,,,,,,,,,,,,,,
51031,"Campbell County, Virginia County",VA,Incidence,Hispanic,All,,,,,,,,,,,,,,,,,,,,
51031,"Campbell County, Virginia County",VA,Incidence,Hispanic,Female,,,,,,,,,,,,,,,,,,,,
51031,"Campbell County, Virginia County",VA,Incidence,Hispanic,Male,,,,,,,,,,,,,,,,,,,,
51031,"Campbell County, Virginia County",VA,Incidence,White NH,All,,,,,,,,,,,,,,,,,,,,
51031,"Campbell County, Virginia County",VA,Incidence,White NH,Female,,,,,,,,,,,,,,,,,,,,
51031,"Campbell County, Virginia County",VA,Incidence,White NH,Male,,,,,,,,,,,,,,,,,,,,
51033,"Caroline County, Virginia County",VA,Incidence,All,All,,,,,,,,,,,,,,,,,,,,
51033,"Caroline County, Virginia County",VA,Incidence,All,Female,,,,,,,,,,,,,,,,,,,,
51033,"Caroline County, Virginia County",VA,Incidence,All,Male,,,,,,,,,,,,,,,,,,,,
51033,"Caroline County, Virginia County",VA,Incidence,Black NH,All,,,,,,,,,,,,,,,,,,,,
51033,"Caroline County, Virginia County",VA,Incidence,Black NH,Female,,,,,,,,,,,,,,,,,,,,
51033,"Caroline County, Virginia County",VA,Incidence,Black NH,Male,,,,,,,,,,,,,,,,,,,,
51033,"Caroline County, Virginia County",VA,Incidence,Hispanic,All,,,,,,,,,,,,,,,,,,,,
51033,"Caroline County, Virginia County",VA,Incidence,Hispanic,Female,,,,,,,,,,,,,,,,,,,,
51033,"Caroline County, Virginia County",VA,Incidence,Hispanic,Male,,,,,,,,,,,,,,,,,,,,
51033,"Caroline County, Virginia County",VA,Incidence,White NH,All,,,,,,,,,,,,,,,,,,,,
51033,"Caroline County, Virginia County",VA,Incidence,White NH,Female,,,,,,,,,,,,,,,,,,,,
51033,"Caroline County, Virginia County",VA,Incidence,White NH,Male,,,,,,,,,,,,,,,,,,,,
51036,"Charles City, Virginia County",VA,Incidence,All,All,,,,,,,,,,,,,,,,,,,,
51036,"Charles City, Virginia County",VA,Incidence,All,Female,,,,,,,,,,,,,,,,,,,,
51036,"Charles City, Virginia County",VA,Incidence,All,Male,,,,,,,,,,,,,,,,,,,,
51036,"Charles City, Virginia County",VA,Incidence,Black NH,All,,,,,,,,,,,,,,,,,,,,
51036,"Charles City, Virginia County",VA,Incidence,Black NH,Female,,,,,,,,,,,,,,,,,,,,
51036,"Charles City, Virginia County",VA,Incidence,Black NH,Male,,,,,,,,,,,,,,,,,,,,
51036,"Charles City, Virginia County",VA,Incidence,Hispanic,All,,,,,,,,,,,,,,,,,,,,
51036,"Charles City, Virginia County",VA,Incidence,Hispanic,Female,,,,,,,,,,,,,,,,,,,,
51036,"Charles City, Virginia County",VA,Incidence,Hispanic,Male,,,,,,,,,,,,,,,,,,,,
51036,"Charles City, Virginia County",VA,Incidence,White NH,All,,,,,,,,,,,,,,,,,,,,
51036,"Charles City, Virginia County",VA,Incidence,White NH,Female,,,,,,,,,,,,,,,,,,,,
51036,"Charles City, Virginia County",VA,Incidence,White NH,Male,,,,,,,,,,,,,,,,,,,,
51037,"Charlotte County, Virginia County",VA,Incidence,All,All,,,,,,,,,,,,,,,,,,,,
51037,"Charlotte County, Virginia County",VA,Incidence,All,Female,,,,,,,,,,,,,,,,,,,,
51037,"Charlotte County, Virginia County",VA,Incidence,All,Male,,,,,,,,,,,,,,,,,,,,
51037,"Charlotte County, Virginia County",VA,Incidence,Black NH,All,,,,,,,,,,,,,,,,,,,,
51037,"Charlotte County, Virginia County",VA,Incidence,Black NH,Female,,,,,,,,,,,,,,,,,,,,
51037,"Charlotte County, Virginia County",VA,Incidence,Black NH,Male,,,,,,,,,,,,,,,,,,,,
51037,"Charlotte County, Virginia County",VA,Incidence,Hispanic,All,,,,,,,,,,,,,,,,,,,,
51037,"Charlotte County, Virginia County",VA,Incidence,Hispanic,Female,,,,,,,,,,,,,,,,,,,,
51037,"Charlotte County, Virginia County",VA,Incidence,Hispanic,Male,,,,,,,,,,,,,,,,,,,,
51037,"Charlotte County, Virginia County",VA,Incidence,White NH,All,,,,,,,,,,,,,,,,,,,,
51037,"Charlotte County, Virginia County",VA,Incidence,White NH,Female,,,,,,,,,,,,,,,,,,,,
51037,"Charlotte County, Virginia County",VA,Incidence,White NH,Male,,,,,,,,,,,,,,,,,,,,
51041,"Chesterfield County, Virginia County",VA,Incidence,All,All,,,,,,,,,,,,,,,,,,,,
51041,"Chesterfield County, Virginia County",VA,Incidence,All,Female,,,,,,,,,,,,,,,,,,,,
51041,"Chesterfield County, Virginia County",VA,Incidence,All,Male,,,,,,,,,,,,,,,,,,,,
51041,"Chesterfield County, Virginia County",VA,Incidence,Black NH,All,,,,,,,,,,,,,,,,,,,,
51041,"Chesterfield County, Virginia County",VA,Incidence,Black NH,Female,,,,,,,,,,,,,,,,,,,,
51041,"Chesterfield County, Virginia County",VA,Incidence,Black NH,Male,,,,,,,,,,,,,,,,,,,,
51041,"Chesterfield County, Virginia County",VA,Incidence,Hispanic,All,,,,,,,,,,,,,,,,,,,,
51041,"Chesterfield County, Virginia County",VA,Incidence,Hispanic,Female,,,,,,,,,,,,,,,,,,,,
51041,"Chesterfield County, Virginia County",VA,Incidence,Hispanic,Male,,,,,,,,,,,,,,,,,,,,
51041,"Chesterfield County, Virginia County",VA,Incidence,White NH,All,,,,,,,,,,,,,,,,,,,,
51041,"Chesterfield County, Virginia County",VA,Incidence,White NH,Female,,,,,,,,,,,,,,,,,,,,
51041,"Chesterfield County, Virginia County",VA,Incidence,White NH,Male,,,,,,,,,,,,,,,,,,,,
51049,"Cumberland County, Virginia County",VA,Incidence,All,All,,,,,,,,,,,,,,,,,,,,
51049,"Cumberland County, Virginia County",VA,Incidence,All,Female,,,,,,,,,,,,,,,,,,,,
51049,"Cumberland County, Virginia County",VA,Incidence,All,Male,,,,,,,,,,,,,,,,,,,,
51049,"Cumberland County, Virginia County",VA,Incidence,Black NH,All,,,,,,,,,,,,,,,,,,,,
51049,"Cumberland County, Virginia County",VA,Incidence,Black NH,Female,,,,,,,,,,,,,,,,,,,,
51049,"Cumberland County, Virginia County",VA,Incidence,Black NH,Male,,,,,,,,,,,,,,,,,,,,
51049,"Cumberland County, Virginia County",VA,Incidence,Hispanic,All,,,,,,,,,,,,,,,,,,,,
51049,"Cumberland County, Virginia County",VA,Incidence,Hispanic,Female,,,,,,,,,,,,,,,,,,,,
51049,"Cumberland County, Virginia County",VA,Incidence,Hispanic,Male,,,,,,,,,,,,,,,,,,,,
51049,"Cumberland County, Virginia County",VA,Incidence,White NH,All,,,,,,,,,,,,,,,,,,,,
51049,"Cumberland County, Virginia County",VA,Incidence,White NH,Female,,,,,,,,,,,,,,,,,,,,
51049,"Cumberland County, Virginia County",VA,Incidence,White NH,Male,,,,,,,,,,,,,,,,,,,,
51053,"Dinwiddie County, Virginia County",VA,Incidence,All,All,,,,,,,,,,,,,,,,,,,,
51053,"Dinwiddie County, Virginia County",VA,Incidence,All,Female,,,,,,,,,,,,,,,,,,,,
51053,"Dinwiddie County, Virginia County",VA,Incidence,All,Male,,,,,,,,,,,,,,,,,,,,
51053,"Dinwiddie County, Virginia County",VA,Incidence,Black NH,All,,,,,,,,,,,,,,,,,,,,
51053,"Dinwiddie County, Virginia County",VA,Incidence,Black NH,Female,,,,,,,,,,,,,,,,,,,,
51053,"Dinwiddie County, Virginia County",VA,Incidence,Black NH,Male,,,,,,,,,,,,,,,,,,,,
51053,"Dinwiddie County, Virginia County",VA,Incidence,Hispanic,All,,,,,,,,,,,,,,,,,,,,
51053,"Dinwiddie County, Virginia County",VA,Incidence,Hispanic,Female,,,,,,,,,,,,,,,,,,,,
51053,"Dinwiddie County, Virginia County",VA,Incidence,Hispanic,Male,,,,,,,,,,,,,,,,,,,,
51053,"Dinwiddie County, Virginia County",VA,Incidence,White NH,All,,,,,,,,,,,,,,,,,,,,
51053,"Dinwiddie County, Virginia County",VA,Incidence,White NH,Female,,,,,,,,,,,,,,,,,,,,
51053,"Dinwiddie County, Virginia County",VA,Incidence,White NH,Male,,,,,,,,,,,,,,,,,,,,
51057,"Essex County, Virginia County",VA,Incidence,All,All,,,,,,,,,,,,,,,,,,,,
51057,"Essex County, Virginia County",VA,Incidence,All,Female,,,,,,,,,,,,,,,,,,,,
51057,"Essex County, Virginia County",VA,Incidence,All,Male,,,,,,,,,,,,,,,,,,,,
51057,"Essex County, Virginia County",VA,Incidence,Black NH,All,,,,,,,,,,,,,,,,,,,,
51057,"Essex County, Virginia County",VA,Incidence,Black NH,Female,,,,,,,,,,,,,,,,,,,,
51057,"Essex County, Virginia County",VA,Incidence,Black NH,Male,,,,,,,,,,,,,,,,,,,,
51057,"Essex County, Virginia County",VA,Incidence,Hispanic,All,,,,,,,,,,,,,,,,,,,,
51057,"Essex County, Virginia County",VA,Incidence,Hispanic,Female,,,,,,,,,,,,,,,,,,,,
51057,"Essex County, Virginia County",VA,Incidence,Hispanic,Male,,,,,,,,,,,,,,,,,,,,
51057,"Essex County, Virginia County",VA,Incidence,White NH,All,,,,,,,,,,,,,,,,,,,,
51057,"Essex County, Virginia County",VA,Incidence,White NH,Female,,,,,,,,,,,,,,,,,,,,
51057,"Essex County, Virginia County",VA,Incidence,White NH,Male,,,,,,,,,,,,,,,,,,,,
51073,"Gloucester County, Virginia County",VA,Incidence,All,All,,,,,,,,,,,,,,,,,,,,
51073,"Gloucester County, Virginia County",VA,Incidence,All,Female,,,,,,,,,,,,,,,,,,,,
51073,"Gloucester County, Virginia County",VA,Incidence,All,Male,,,,,,,,,,,,,,,,,,,,
51073,"Gloucester County, Virginia County",VA,Incidence,Black NH,All,,,,,,,,,,,,,,,,,,,,
51073,"Gloucester County, Virginia County",VA,Incidence,Black NH,Female,,,,,,,,,,,,,,,,,,,,
51073,"Gloucester County, Virginia County",VA,Incidence,Black NH,Male,,,,,,,,,,,,,,,,,,,,
51073,"Gloucester County, Virginia County",VA,Incidence,Hispanic,All,,,,,,,,,,,,,,,,,,,,
51073,"Gloucester County, Virginia County",VA,Incidence,Hispanic,Female,,,,,,,,,,,,,,,,,,,,
51073,"Gloucester County, Virginia County",VA,Incidence,Hispanic,Male,,,,,,,,,,,,,,,,,,,,
51073,"Gloucester County, Virginia County",VA,Incidence,White NH,All,,,,,,,,,,,,,,,,,,,,
51073,"Gloucester County, Virginia County",VA,Incidence,White NH,Female,,,,,,,,,,,,,,,,,,,,
51073,"Gloucester County, Virginia County",VA,Incidence,White NH,Male,,,,,,,,,,,,,,,,,,,,
51075,"Goochland County, Virginia County",VA,Incidence,All,All,,,,,,,,,,,,,,,,,,,,
51075,"Goochland County, Virginia County",VA,Incidence,All,Female,,,,,,,,,,,,,,,,,,,,
51075,"Goochland County, Virginia County",VA,Incidence,All,Male,,,,,,,,,,,,,,,,,,,,
51075,"Goochland County, Virginia County",VA,Incidence,Black NH,All,,,,,,,,,,,,,,,,,,,,
51075,"Goochland County, Virginia County",VA,Incidence,Black NH,Female,,,,,,,,,,,,,,,,,,,,
51075,"Goochland County, Virginia County",VA,Incidence,Black NH,Male,,,,,,,,,,,,,,,,,,,,
51075,"Goochland County, Virginia County",VA,Incidence,Hispanic,All,,,,,,,,,,,,,,,,,,,,
51075,"Goochland County, Virginia County",VA,Incidence,Hispanic,Female,,,,,,,,,,,,,,,,,,,,
51075,"Goochland County, Virginia County",VA,Incidence,Hispanic,Male,,,,,,,,,,,,,,,,,,,,
51075,"Goochland County, Virginia County",VA,Incidence,White NH,All,,,,,,,,,,,,,,,,,,,,
51075,"Goochland County, Virginia County",VA,Incidence,White NH,Female,,,,,,,,,,,,,,,,,,,,
51075,"Goochland County, Virginia County",VA,Incidence,White NH,Male,,,,,,,,,,,,,,,,,,,,
51081,"Greensville County, Virginia County",VA,Incidence,All,All,,,,,,,,,,,,,,,,,,,,
51081,"Greensville County, Virginia County",VA,Incidence,All,Female,,,,,,,,,,,,,,,,,,,,
51081,"Greensville County, Virginia County",VA,Incidence,All,Male,,,,,,,,,,,,,,,,,,,,
51081,"Greensville County, Virginia County",VA,Incidence,Black NH,All,,,,,,,,,,,,,,,,,,,,
51081,"Greensville County, Virginia County",VA,Incidence,Black NH,Female,,,,,,,,,,,,,,,,,,,,
51081,"Greensville County, Virginia County",VA,Incidence,Black NH,Male,,,,,,,,,,,,,,,,,,,,
51081,"Greensville County, Virginia County",VA,Incidence,Hispanic,All,,,,,,,,,,,,,,,,,,,,
51081,"Greensville County, Virginia County",VA,Incidence,Hispanic,Female,,,,,,,,,,,,,,,,,,,,
51081,"Greensville County, Virginia County",VA,Incidence,Hispanic,Male,,,,,,,,,,,,,,,,,,,,
51081,"Greensville County, Virginia County",VA,Incidence,White NH,All,,,,,,,,,,,,,,,,,,,,
51081,"Greensville County, Virginia County",VA,Incidence,White NH,Female,,,,,,,,,,,,,,,,,,,,
51081,"Greensville County, Virginia County",VA,Incidence,White NH,Male,,,,,,,,,,,,,,,,,,,,
51083,"Halifax County with South Boston City, Virginia County",VA,Incidence,All,All,,,,,,,,,,,,,,,,,,,,
51083,"Halifax County with South Boston City, Virginia County",VA,Incidence,All,Female,,,,,,,,,,,,,,,,,,,,
51083,"Halifax County with South Boston City, Virginia County",VA,Incidence,All,Male,,,,,,,,,,,,,,,,,,,,
51083,"Halifax County with South Boston City, Virginia County",VA,Incidence,Black NH,All,,,,,,,,,,,,,,,,,,,,
51083,"Halifax County with South Boston City, Virginia County",VA,Incidence,Black NH,Female,,,,,,,,,,,,,,,,,,,,
51083,"Halifax County with South Boston City, Virginia County",VA,Incidence,Black NH,Male,,,,,,,,,,,,,,,,,,,,
51083,"Halifax County with South Boston City, Virginia County",VA,Incidence,Hispanic,All,,,,,,,,,,,,,,,,,,,,
51083,"Halifax County with South Boston City, Virginia County",VA,Incidence,Hispanic,Female,,,,,,,,,,,,,,,,,,,,
51083,"Halifax County with South Boston City, Virginia County",VA,Incidence,Hispanic,Male,,,,,,,,,,,,,,,,,,,,
51083,"Halifax County with South Boston City, Virginia County",VA,Incidence,White NH,All,,,,,,,,,,,,,,,,,,,,
51083,"Halifax County with South Boston City, Virginia County",VA,Incidence,White NH,Female,,,,,,,,,,,,,,,,,,,,
51083,"Halifax County with South Boston City, Virginia County",VA,Incidence,White NH,Male,,,,,,,,,,,,,,,,,,,,
51085,"Hanover County, Virginia County",VA,Incidence,All,All,,,,,,,,,,,,,,,,,,,,
51085,"Hanover County, Virginia County",VA,Incidence,All,Female,,,,,,,,,,,,,,,,,,,,
51085,"Hanover County, Virginia County",VA,Incidence,All,Male,,,,,,,,,,,,,,,,,,,,
51085,"Hanover County, Virginia County",VA,Incidence,Black NH,All,,,,,,,,,,,,,,,,,,,,
51085,"Hanover County, Virginia County",VA,Incidence,Black NH,Female,,,,,,,,,,,,,,,,,,,,
51085,"Hanover County, Virginia County",VA,Incidence,Black NH,Male,,,,,,,,,,,,,,,,,,,,
51085,"Hanover County, Virginia County",VA,Incidence,Hispanic,All,,,,,,,,,,,,,,,,,,,,
51085,"Hanover County, Virginia County",VA,Incidence,Hispanic,Female,,,,,,,,,,,,,,,,,,,,
51085,"Hanover County, Virginia County",VA,Incidence,Hispanic,Male,,,,,,,,,,,,,,,,,,,,
51085,"Hanover County, Virginia County",VA,Incidence,White NH,All,,,,,,,,,,,,,,,,,,,,
51085,"Hanover County, Virginia County",VA,Incidence,White NH,Female,,,,,,,,,,,,,,,,,,,,
51085,"Hanover County, Virginia County",VA,Incidence,White NH,Male,,,,,,,,,,,,,,,,,,,,
51087,"Henrico County, Virginia County",VA,Incidence,All,All,,,,,,,,,,,,,,,,,,,,
51087,"Henrico County, Virginia County",VA,Incidence,All,Female,,,,,,,,,,,,,,,,,,,,
51087,"Henrico County, Virginia County",VA,Incidence,All,Male,,,,,,,,,,,,,,,,,,,,
51087,"Henrico County, Virginia County",VA,Incidence,Black NH,All,,,,,,,,,,,,,,,,,,,,
51087,"Henrico County, Virginia County",VA,Incidence,Black NH,Female,,,,,,,,,,,,,,,,,,,,
51087,"Henrico County, Virginia County",VA,Incidence,Black NH,Male,,,,,,,,,,,,,,,,,,,,
51087,"Henrico County, Virginia County",VA,Incidence,Hispanic,All,,,,,,,,,,,,,,,,,,,,
51087,"Henrico County, Virginia County",VA,Incidence,Hispanic,Female,,,,,,,,,,,,,,,,,,,,
51087,"Henrico County, Virginia County",VA,Incidence,Hispanic,Male,,,,,,,,,,,,,,,,,,,,
51087,"Henrico County, Virginia County",VA,Incidence,White NH,All,,,,,,,,,,,,,,,,,,,,
51087,"Henrico County, Virginia County",VA,Incidence,White NH,Female,,,,,,,,,,,,,,,,,,,,
51087,"Henrico County, Virginia County",VA,Incidence,White NH,Male,,,,,,,,,,,,,,,,,,,,
51089,"Henry County, Virginia County",VA,Incidence,All,All,,,,,,,,,,,,,,,,,,,,
51089,"Henry County, Virginia County",VA,Incidence,All,Female,,,,,,,,,,,,,,,,,,,,
51089,"Henry County, Virginia County",VA,Incidence,All,Male,,,,,,,,,,,,,,,,,,,,
51089,"Henry County, Virginia County",VA,Incidence,Black NH,All,,,,,,,,,,,,,,,,,,,,
51089,"Henry County, Virginia County",VA,Incidence,Black NH,Female,,,,,,,,,,,,,,,,,,,,
51089,"Henry County, Virginia County",VA,Incidence,Black NH,Male,,,,,,,,,,,,,,,,,,,,
51089,"Henry County, Virginia County",VA,Incidence,Hispanic,All,,,,,,,,,,,,,,,,,,,,
51089,"Henry County, Virginia County",VA,Incidence,Hispanic,Female,,,,,,,,,,,,,,,,,,,,
51089,"Henry County, Virginia County",VA,Incidence,Hispanic,Male,,,,,,,,,,,,,,,,,,,,
51089,"Henry County, Virginia County",VA,Incidence,White NH,All,,,,,,,,,,,,,,,,,,,,
51089,"Henry County, Virginia County",VA,Incidence,White NH,Female,,,,,,,,,,,,,,,,,,,,
51089,"Henry County, Virginia County",VA,Incidence,White NH,Male,,,,,,,,,,,,,,,,,,,,
51093,"Isle of Wight County, Virginia County",VA,Incidence,All,All,,,,,,,,,,,,,,,,,,,,
51093,"Isle of Wight County, Virginia County",VA,Incidence,All,Female,,,,,,,,,,,,,,,,,,,,
51093,"Isle of Wight County, Virginia County",VA,Incidence,All,Male,,,,,,,,,,,,,,,,,,,,
51093,"Isle of Wight County, Virginia County",VA,Incidence,Black NH,All,,,,,,,,,,,,,,,,,,,,
51093,"Isle of Wight County, Virginia County",VA,Incidence,Black NH,Female,,,,,,,,,,,,,,,,,,,,
51093,"Isle of Wight County, Virginia County",VA,Incidence,Black NH,Male,,,,,,,,,,,,,,,,,,,,
51093,"Isle of Wight County, Virginia County",VA,Incidence,Hispanic,All,,,,,,,,,,,,,,,,,,,,
51093,"Isle of Wight County, Virginia County",VA,Incidence,Hispanic,Female,,,,,,,,,,,,,,,,,,,,
51093,"Isle of Wight County, Virginia County",VA,Incidence,Hispanic,Male,,,,,,,,,,,,,,,,,,,,
51093,"Isle of Wight County, Virginia County",VA,Incidence,White NH,All,,,,,,,,,,,,,,,,,,,,
51093,"Isle of Wight County, Virginia County",VA,Incidence,White NH,Female,,,,,,,,,,,,,,,,,,,,
51093,"Isle of Wight County, Virginia County",VA,Incidence,White NH,Male,,,,,,,,,,,,,,,,,,,,
51095,"James City, Virginia County",VA,Incidence,All,All,,,,,,,,,,,,,,,,,,,,
51095,"James City, Virginia County",VA,Incidence,All,Female,,,,,,,,,,,,,,,,,,,,
51095,"James City, Virginia County",VA,Incidence,All,Male,,,,,,,,,,,,,,,,,,,,
51095,"James City, Virginia County",VA,Incidence,Black NH,All,,,,,,,,,,,,,,,,,,,,
51095,"James City, Virginia County",VA,Incidence,Black NH,Female,,,,,,,,,,,,,,,,,,,,
51095,"James City, Virginia County",VA,Incidence,Black NH,Male,,,,,,,,,,,,,,,,,,,,
51095,"James City, Virginia County",VA,Incidence,Hispanic,All,,,,,,,,,,,,,,,,,,,,
51095,"James City, Virginia County",VA,Incidence,Hispanic,Female,,,,,,,,,,,,,,,,,,,,
51095,"James City, Virginia County",VA,Incidence,Hispanic,Male,,,,,,,,,,,,,,,,,,,,
51095,"James City, Virginia County",VA,Incidence,White NH,All,,,,,,,,,,,,,,,,,,,,
51095,"James City, Virginia County",VA,Incidence,White NH,Female,,,,,,,,,,,,,,,,,,,,
51095,"James City, Virginia County",VA,Incidence,White NH,Male,,,,,,,,,,,,,,,,,,,,
51097,"King and Queen County, Virginia County",VA,Incidence,All,All,,,,,,,,,,,,,,,,,,,,
51097,"King and Queen County, Virginia County",VA,Incidence,All,Female,,,,,,,,,,,,,,,,,,,,
51097,"King and Queen County, Virginia County",VA,Incidence,All,Male,,,,,,,,,,,,,,,,,,,,
51097,"King and Queen County, Virginia County",VA,Incidence,Black NH,All,,,,,,,,,,,,,,,,,,,,
51097,"King and Queen County, Virginia County",VA,Incidence,Black NH,Female,,,,,,,,,,,,,,,,,,,,
51097,"King and Queen County, Virginia County",VA,Incidence,Black NH,Male,,,,,,,,,,,,,,,,,,,,
51097,"King and Queen County, Virginia County",VA,Incidence,Hispanic,All,,,,,,,,,,,,,,,,,,,,
51097,"King and Queen County, Virginia County",VA,Incidence,Hispanic,Female,,,,,,,,,,,,,,,,,,,,
51097,"King and Queen County, Virginia County",VA,Incidence,Hispanic,Male,,,,,,,,,,,,,,,,,,,,
51097,"King and Queen County, Virginia County",VA,Incidence,White NH,All,,,,,,,,,,,,,,,,,,,,
51097,"King and Queen County, Virginia County",VA,Incidence,White NH,Female,,,,,,,,,,,,,,,,,,,,
51097,"King and Queen County, Virginia County",VA,Incidence,White NH,Male,,,,,,,,,,,,,,,,,,,,
51099,"King George County, Virginia County",VA,Incidence,All,All,,,,,,,,,,,,,,,,,,,,
51099,"King George County, Virginia County",VA,Incidence,All,Female,,,,,,,,,,,,,,,,,,,,
51099,"King George County, Virginia County",VA,Incidence,All,Male,,,,,,,,,,,,,,,,,,,,
51099,"King George County, Virginia County",VA,Incidence,Black NH,All,,,,,,,,,,,,,,,,,,,,
51099,"King George County, Virginia County",VA,Incidence,Black NH,Female,,,,,,,,,,,,,,,,,,,,
51099,"King George County, Virginia County",VA,Incidence,Black NH,Male,,,,,,,,,,,,,,,,,,,,
51099,"King George County, Virginia County",VA,Incidence,Hispanic,All,,,,,,,,,,,,,,,,,,,,
51099,"King George County, Virginia County",VA,Incidence,Hispanic,Female,,,,,,,,,,,,,,,,,,,,
51099,"King George County, Virginia County",VA,Incidence,Hispanic,Male,,,,,,,,,,,,,,,,,,,,
51099,"King George County, Virginia County",VA,Incidence,White NH,All,,,,,,,,,,,,,,,,,,,,
51099,"King George County, Virginia County",VA,Incidence,White NH,Female,,,,,,,,,,,,,,,,,,,,
51099,"King George County, Virginia County",VA,Incidence,White NH,Male,,,,,,,,,,,,,,,,,,,,
51101,"King William County, Virginia County",VA,Incidence,All,All,,,,,,,,,,,,,,,,,,,,
51101,"King William County, Virginia County",VA,Incidence,All,Female,,,,,,,,,,,,,,,,,,,,
51101,"King William County, Virginia County",VA,Incidence,All,Male,,,,,,,,,,,,,,,,,,,,
51101,"King William County, Virginia County",VA,Incidence,Black NH,All,,,,,,,,,,,,,,,,,,,,
51101,"King William County, Virginia County",VA,Incidence,Black NH,Female,,,,,,,,,,,,,,,,,,,,
51101,"King William County, Virginia County",VA,Incidence,Black NH,Male,,,,,,,,,,,,,,,,,,,,
51101,"King William County, Virginia County",VA,Incidence,Hispanic,All,,,,,,,,,,,,,,,,,,,,
51101,"King William County, Virginia County",VA,Incidence,Hispanic,Female,,,,,,,,,,,,,,,,,,,,
51101,"King William County, Virginia County",VA,Incidence,Hispanic,Male,,,,,,,,,,,,,,,,,,,,
51101,"King William County, Virginia County",VA,Incidence,White NH,All,,,,,,,,,,,,,,,,,,,,
51101,"King William County, Virginia County",VA,Incidence,White NH,Female,,,,,,,,,,,,,,,,,,,,
51101,"King William County, Virginia County",VA,Incidence,White NH,Male,,,,,,,,,,,,,,,,,,,,
51103,"Lancaster County, Virginia County",VA,Incidence,All,All,,,,,,,,,,,,,,,,,,,,
51103,"Lancaster County, Virginia County",VA,Incidence,All,Female,,,,,,,,,,,,,,,,,,,,
51103,"Lancaster County, Virginia County",VA,Incidence,All,Male,,,,,,,,,,,,,,,,,,,,
51103,"Lancaster County, Virginia County",VA,Incidence,Black NH,All,,,,,,,,,,,,,,,,,,,,
51103,"Lancaster County, Virginia County",VA,Incidence,Black NH,Female,,,,,,,,,,,,,,,,,,,,
51103,"Lancaster County, Virginia County",VA,Incidence,Black NH,Male,,,,,,,,,,,,,,,,,,,,
51103,"Lancaster County, Virginia County",VA,Incidence,Hispanic,All,,,,,,,,,,,,,,,,,,,,
51103,"Lancaster County, Virginia County",VA,Incidence,Hispanic,Female,,,,,,,,,,,,,,,,,,,,
51103,"Lancaster County, Virginia County",VA,Incidence,Hispanic,Male,,,,,,,,,,,,,,,,,,,,
51103,"Lancaster County, Virginia County",VA,Incidence,White NH,All,,,,,,,,,,,,,,,,,,,,
51103,"Lancaster County, Virginia County",VA,Incidence,White NH,Female,,,,,,,,,,,,,,,,,,,,
51103,"Lancaster County, Virginia County",VA,Incidence,White NH,Male,,,,,,,,,,,,,,,,,,,,
51109,"Louisa County, Virginia County",VA,Incidence,All,All,,,,,,,,,,,,,,,,,,,,
51109,"Louisa County, Virginia County",VA,Incidence,All,Female,,,,,,,,,,,,,,,,,,,,
51109,"Louisa County, Virginia County",VA,Incidence,All,Male,,,,,,,,,,,,,,,,,,,,
51109,"Louisa County, Virginia County",VA,Incidence,Black NH,All,,,,,,,,,,,,,,,,,,,,
51109,"Louisa County, Virginia County",VA,Incidence,Black NH,Female,,,,,,,,,,,,,,,,,,,,
51109,"Louisa County, Virginia County",VA,Incidence,Black NH,Male,,,,,,,,,,,,,,,,,,,,
51109,"Louisa County, Virginia County",VA,Incidence,Hispanic,All,,,,,,,,,,,,,,,,,,,,
51109,"Louisa County, Virginia County",VA,Incidence,Hispanic,Female,,,,,,,,,,,,,,,,,,,,
51109,"Louisa County, Virginia County",VA,Incidence,Hispanic,Male,,,,,,,,,,,,,,,,,,,,
51109,"Louisa County, Virginia County",VA,Incidence,White NH,All,,,,,,,,,,,,,,,,,,,,
51109,"Louisa County, Virginia County",VA,Incidence,White NH,Female,,,,,,,,,,,,,,,,,,,,
51109,"Louisa County, Virginia County",VA,Incidence,White NH,Male,,,,,,,,,,,,,,,,,,,,
51111,"Lunenburg County, Virginia County",VA,Incidence,All,All,,,,,,,,,,,,,,,,,,,,
51111,"Lunenburg County, Virginia County",VA,Incidence,All,Female,,,,,,,,,,,,,,,,,,,,
51111,"Lunenburg County, Virginia County",VA,Incidence,All,Male,,,,,,,,,,,,,,,,,,,,
51111,"Lunenburg County, Virginia County",VA,Incidence,Black NH,All,,,,,,,,,,,,,,,,,,,,
51111,"Lunenburg County, Virginia County",VA,Incidence,Black NH,Female,,,,,,,,,,,,,,,,,,,,
51111,"Lunenburg County, Virginia County",VA,Incidence,Black NH,Male,,,,,,,,,,,,,,,,,,,,
51111,"Lunenburg County, Virginia County",VA,Incidence,Hispanic,All,,,,,,,,,,,,,,,,,,,,
51111,"Lunenburg County, Virginia County",VA,Incidence,Hispanic,Female,,,,,,,,,,,,,,,,,,,,
51111,"Lunenburg County, Virginia County",VA,Incidence,Hispanic,Male,,,,,,,,,,,,,,,,,,,,
51111,"Lunenburg County, Virginia County",VA,Incidence,White NH,All,,,,,,,,,,,,,,,,,,,,
51111,"Lunenburg County, Virginia County",VA,Incidence,White NH,Female,,,,,,,,,,,,,,,,,,,,
51111,"Lunenburg County, Virginia County",VA,Incidence,White NH,Male,,,,,,,,,,,,,,,,,,,,
51115,"Mathews County, Virginia County",VA,Incidence,All,All,,,,,,,,,,,,,,,,,,,,
51115,"Mathews County, Virginia County",VA,Incidence,All,Female,,,,,,,,,,,,,,,,,,,,
51115,"Mathews County, Virginia County",VA,Incidence,All,Male,,,,,,,,,,,,,,,,,,,,
51115,"Mathews County, Virginia County",VA,Incidence,Black NH,All,,,,,,,,,,,,,,,,,,,,
51115,"Mathews County, Virginia County",VA,Incidence,Black NH,Female,,,,,,,,,,,,,,,,,,,,
51115,"Mathews County, Virginia County",VA,Incidence,Black NH,Male,,,,,,,,,,,,,,,,,,,,
51115,"Mathews County, Virginia County",VA,Incidence,Hispanic,All,,,,,,,,,,,,,,,,,,,,
51115,"Mathews County, Virginia County",VA,Incidence,Hispanic,Female,,,,,,,,,,,,,,,,,,,,
51115,"Mathews County, Virginia County",VA,Incidence,Hispanic,Male,,,,,,,,,,,,,,,,,,,,
51115,"Mathews County, Virginia County",VA,Incidence,White NH,All,,,,,,,,,,,,,,,,,,,,
51115,"Mathews County, Virginia County",VA,Incidence,White NH,Female,,,,,,,,,,,,,,,,,,,,
51115,"Mathews County, Virginia County",VA,Incidence,White NH,Male,,,,,,,,,,,,,,,,,,,,
51117,"Mecklenburg County, Virginia County",VA,Incidence,All,All,,,,,,,,,,,,,,,,,,,,
51117,"Mecklenburg County, Virginia County",VA,Incidence,All,Female,,,,,,,,,,,,,,,,,,,,
51117,"Mecklenburg County, Virginia County",VA,Incidence,All,Male,,,,,,,,,,,,,,,,,,,,
51117,"Mecklenburg County, Virginia County",VA,Incidence,Black NH,All,,,,,,,,,,,,,,,,,,,,
51117,"Mecklenburg County, Virginia County",VA,Incidence,Black NH,Female,,,,,,,,,,,,,,,,,,,,
51117,"Mecklenburg County, Virginia County",VA,Incidence,Black NH,Male,,,,,,,,,,,,,,,,,,,,
51117,"Mecklenburg County, Virginia County",VA,Incidence,Hispanic,All,,,,,,,,,,,,,,,,,,,,
51117,"Mecklenburg County, Virginia County",VA,Incidence,Hispanic,Female,,,,,,,,,,,,,,,,,,,,
51117,"Mecklenburg County, Virginia County",VA,Incidence,Hispanic,Male,,,,,,,,,,,,,,,,,,,,
51117,"Mecklenburg County, Virginia County",VA,Incidence,White NH,All,,,,,,,,,,,,,,,,,,,,
51117,"Mecklenburg County, Virginia County",VA,Incidence,White NH,Female,,,,,,,,,,,,,,,,,,,,
51117,"Mecklenburg County, Virginia County",VA,Incidence,White NH,Male,,,,,,,,,,,,,,,,,,,,
51119,"Middlesex County, Virginia County",VA,Incidence,All,All,,,,,,,,,,,,,,,,,,,,
51119,"Middlesex County, Virginia County",VA,Incidence,All,Female,,,,,,,,,,,,,,,,,,,,
51119,"Middlesex County, Virginia County",VA,Incidence,All,Male,,,,,,,,,,,,,,,,,,,,
51119,"Middlesex County, Virginia County",VA,Incidence,Black NH,All,,,,,,,,,,,,,,,,,,,,
51119,"Middlesex County, Virginia County",VA,Incidence,Black NH,Female,,,,,,,,,,,,,,,,,,,,
51119,"Middlesex County, Virginia County",VA,Incidence,Black NH,Male,,,,,,,,,,,,,,,,,,,,
51119,"Middlesex County, Virginia County",VA,Incidence,Hispanic,All,,,,,,,,,,,,,,,,,,,,
51119,"Middlesex County, Virginia County",VA,Incidence,Hispanic,Female,,,,,,,,,,,,,,,,,,,,
51119,"Middlesex County, Virginia County",VA,Incidence,Hispanic,Male,,,,,,,,,,,,,,,,,,,,
51119,"Middlesex County, Virginia County",VA,Incidence,White NH,All,,,,,,,,,,,,,,,,,,,,
51119,"Middlesex County, Virginia County",VA,Incidence,White NH,Female,,,,,,,,,,,,,,,,,,,,
51119,"Middlesex County, Virginia County",VA,Incidence,White NH,Male,,,,,,,,,,,,,,,,,,,,
51127,"New Kent County, Virginia County",VA,Incidence,All,All,,,,,,,,,,,,,,,,,,,,
51127,"New Kent County, Virginia County",VA,Incidence,All,Female,,,,,,,,,,,,,,,,,,,,
51127,"New Kent County, Virginia County",VA,Incidence,All,Male,,,,,,,,,,,,,,,,,,,,
51127,"New Kent County, Virginia County",VA,Incidence,Black NH,All,,,,,,,,,,,,,,,,,,,,
51127,"New Kent County, Virginia County",VA,Incidence,Black NH,Female,,,,,,,,,,,,,,,,,,,,
51127,"New Kent County, Virginia County",VA,Incidence,Black NH,Male,,,,,,,,,,,,,,,,,,,,
51127,"New Kent County, Virginia County",VA,Incidence,Hispanic,All,,,,,,,,,,,,,,,,,,,,
51127,"New Kent County, Virginia County",VA,Incidence,Hispanic,Female,,,,,,,,,,,,,,,,,,,,
51127,"New Kent County, Virginia County",VA,Incidence,Hispanic,Male,,,,,,,,,,,,,,,,,,,,
51127,"New Kent County, Virginia County",VA,Incidence,White NH,All,,,,,,,,,,,,,,,,,,,,
51127,"New Kent County, Virginia County",VA,Incidence,White NH,Female,,,,,,,,,,,,,,,,,,,,
51127,"New Kent County, Virginia County",VA,Incidence,White NH,Male,,,,,,,,,,,,,,,,,,,,
51131,"Northampton County, Virginia County",VA,Incidence,All,All,,,,,,,,,,,,,,,,,,,,
51131,"Northampton County, Virginia County",VA,Incidence,All,Female,,,,,,,,,,,,,,,,,,,,
51131,"Northampton County, Virginia County",VA,Incidence,All,Male,,,,,,,,,,,,,,,,,,,,
51131,"Northampton County, Virginia County",VA,Incidence,Black NH,All,,,,,,,,,,,,,,,,,,,,
51131,"Northampton County, Virginia County",VA,Incidence,Black NH,Female,,,,,,,,,,,,,,,,,,,,
51131,"Northampton County, Virginia County",VA,Incidence,Black NH,Male,,,,,,,,,,,,,,,,,,,,
51131,"Northampton County, Virginia County",VA,Incidence,Hispanic,All,,,,,,,,,,,,,,,,,,,,
51131,"Northampton County, Virginia County",VA,Incidence,Hispanic,Female,,,,,,,,,,,,,,,,,,,,
51131,"Northampton County, Virginia County",VA,Incidence,Hispanic,Male,,,,,,,,,,,,,,,,,,,,
51131,"Northampton County, Virginia County",VA,Incidence,White NH,All,,,,,,,,,,,,,,,,,,,,
51131,"Northampton County, Virginia County",VA,Incidence,White NH,Female,,,,,,,,,,,,,,,,,,,,
51131,"Northampton County, Virginia County",VA,Incidence,White NH,Male,,,,,,,,,,,,,,,,,,,,
51133,"Northumberland County, Virginia County",VA,Incidence,All,All,,,,,,,,,,,,,,,,,,,,
51133,"Northumberland County, Virginia County",VA,Incidence,All,Female,,,,,,,,,,,,,,,,,,,,
51133,"Northumberland County, Virginia County",VA,Incidence,All,Male,,,,,,,,,,,,,,,,,,,,
51133,"Northumberland County, Virginia County",VA,Incidence,Black NH,All,,,,,,,,,,,,,,,,,,,,
51133,"Northumberland County, Virginia County",VA,Incidence,Black NH,Female,,,,,,,,,,,,,,,,,,,,
51133,"Northumberland County, Virginia County",VA,Incidence,Black NH,Male,,,,,,,,,,,,,,,,,,,,
51133,"Northumberland County, Virginia County",VA,Incidence,Hispanic,All,,,,,,,,,,,,,,,,,,,,
51133,"Northumberland County, Virginia County",VA,Incidence,Hispanic,Female,,,,,,,,,,,,,,,,,,,,
51133,"Northumberland County, Virginia County",VA,Incidence,Hispanic,Male,,,,,,,,,,,,,,,,,,,,
51133,"Northumberland County, Virginia County",VA,Incidence,White NH,All,,,,,,,,,,,,,,,,,,,,
51133,"Northumberland County, Virginia County",VA,Incidence,White NH,Female,,,,,,,,,,,,,,,,,,,,
51133,"Northumberland County, Virginia County",VA,Incidence,White NH,Male,,,,,,,,,,,,,,,,,,,,
51135,"Nottoway County, Virginia County",VA,Incidence,All,All,,,,,,,,,,,,,,,,,,,,
51135,"Nottoway County, Virginia County",VA,Incidence,All,Female,,,,,,,,,,,,,,,,,,,,
51135,"Nottoway County, Virginia County",VA,Incidence,All,Male,,,,,,,,,,,,,,,,,,,,
51135,"Nottoway County, Virginia County",VA,Incidence,Black NH,All,,,,,,,,,,,,,,,,,,,,
51135,"Nottoway County, Virginia County",VA,Incidence,Black NH,Female,,,,,,,,,,,,,,,,,,,,
51135,"Nottoway County, Virginia County",VA,Incidence,Black NH,Male,,,,,,,,,,,,,,,,,,,,
51135,"Nottoway County, Virginia County",VA,Incidence,Hispanic,All,,,,,,,,,,,,,,,,,,,,
51135,"Nottoway County, Virginia County",VA,Incidence,Hispanic,Female,,,,,,,,,,,,,,,,,,,,
51135,"Nottoway County, Virginia County",VA,Incidence,Hispanic,Male,,,,,,,,,,,,,,,,,,,,
51135,"Nottoway County, Virginia County",VA,Incidence,White NH,All,,,,,,,,,,,,,,,,,,,,
51135,"Nottoway County, Virginia County",VA,Incidence,White NH,Female,,,,,,,,,,,,,,,,,,,,
51135,"Nottoway County, Virginia County",VA,Incidence,White NH,Male,,,,,,,,,,,,,,,,,,,,
51143,"Pittsylvania County, Virginia County",VA,Incidence,All,All,,,,,,,,,,,,,,,,,,,,
51143,"Pittsylvania County, Virginia County",VA,Incidence,All,Female,,,,,,,,,,,,,,,,,,,,
51143,"Pittsylvania County, Virginia County",VA,Incidence,All,Male,,,,,,,,,,,,,,,,,,,,
51143,"Pittsylvania County, Virginia County",VA,Incidence,Black NH,All,,,,,,,,,,,,,,,,,,,,
51143,"Pittsylvania County, Virginia County",VA,Incidence,Black NH,Female,,,,,,,,,,,,,,,,,,,,
51143,"Pittsylvania County, Virginia County",VA,Incidence,Black NH,Male,,,,,,,,,,,,,,,,,,,,
51143,"Pittsylvania County, Virginia County",VA,Incidence,Hispanic,All,,,,,,,,,,,,,,,,,,,,
51143,"Pittsylvania County, Virginia County",VA,Incidence,Hispanic,Female,,,,,,,,,,,,,,,,,,,,
51143,"Pittsylvania County, Virginia County",VA,Incidence,Hispanic,Male,,,,,,,,,,,,,,,,,,,,
51143,"Pittsylvania County, Virginia County",VA,Incidence,White NH,All,,,,,,,,,,,,,,,,,,,,
51143,"Pittsylvania County, Virginia County",VA,Incidence,White NH,Female,,,,,,,,,,,,,,,,,,,,
51143,"Pittsylvania County, Virginia County",VA,Incidence,White NH,Male,,,,,,,,,,,,,,,,,,,,
51145,"Powhatan County, Virginia County",VA,Incidence,All,All,,,,,,,,,,,,,,,,,,,,
51145,"Powhatan County, Virginia County",VA,Incidence,All,Female,,,,,,,,,,,,,,,,,,,,
51145,"Powhatan County, Virginia County",VA,Incidence,All,Male,,,,,,,,,,,,,,,,,,,,
51145,"Powhatan County, Virginia County",VA,Incidence,Black NH,All,,,,,,,,,,,,,,,,,,,,
51145,"Powhatan County, Virginia County",VA,Incidence,Black NH,Female,,,,,,,,,,,,,,,,,,,,
51145,"Powhatan County, Virginia County",VA,Incidence,Black NH,Male,,,,,,,,,,,,,,,,,,,,
51145,"Powhatan County, Virginia County",VA,Incidence,Hispanic,All,,,,,,,,,,,,,,,,,,,,
51145,"Powhatan County, Virginia County",VA,Incidence,Hispanic,Female,,,,,,,,,,,,,,,,,,,,
51145,"Powhatan County, Virginia County",VA,Incidence,Hispanic,Male,,,,,,,,,,,,,,,,,,,,
51145,"Powhatan County, Virginia County",VA,Incidence,White NH,All,,,,,,,,,,,,,,,,,,,,
51145,"Powhatan County, Virginia County",VA,Incidence,White NH,Female,,,,,,,,,,,,,,,,,,,,
51145,"Powhatan County, Virginia County",VA,Incidence,White NH,Male,,,,,,,,,,,,,,,,,,,,
51147,"Prince Edward County, Virginia County",VA,Incidence,All,All,,,,,,,,,,,,,,,,,,,,
51147,"Prince Edward County, Virginia County",VA,Incidence,All,Female,,,,,,,,,,,,,,,,,,,,
51147,"Prince Edward County, Virginia County",VA,Incidence,All,Male,,,,,,,,,,,,,,,,,,,,
51147,"Prince Edward County, Virginia County",VA,Incidence,Black NH,All,,,,,,,,,,,,,,,,,,,,
51147,"Prince Edward County, Virginia County",VA,Incidence,Black NH,Female,,,,,,,,,,,,,,,,,,,,
51147,"Prince Edward County, Virginia County",VA,Incidence,Black NH,Male,,,,,,,,,,,,,,,,,,,,
51147,"Prince Edward County, Virginia County",VA,Incidence,Hispanic,All,,,,,,,,,,,,,,,,,,,,
51147,"Prince Edward County, Virginia County",VA,Incidence,Hispanic,Female,,,,,,,,,,,,,,,,,,,,
51147,"Prince Edward County, Virginia County",VA,Incidence,Hispanic,Male,,,,,,,,,,,,,,,,,,,,
51147,"Prince Edward County, Virginia County",VA,Incidence,White NH,All,,,,,,,,,,,,,,,,,,,,
51147,"Prince Edward County, Virginia County",VA,Incidence,White NH,Female,,,,,,,,,,,,,,,,,,,,
51147,"Prince Edward County, Virginia County",VA,Incidence,White NH,Male,,,,,,,,,,,,,,,,,,,,
51149,"Prince George County, Virginia County",VA,Incidence,All,All,,,,,,,,,,,,,,,,,,,,
51149,"Prince George County, Virginia County",VA,Incidence,All,Female,,,,,,,,,,,,,,,,,,,,
51149,"Prince George County, Virginia County",VA,Incidence,All,Male,,,,,,,,,,,,,,,,,,,,
51149,"Prince George County, Virginia County",VA,Incidence,Black NH,All,,,,,,,,,,,,,,,,,,,,
51149,"Prince George County, Virginia County",VA,Incidence,Black NH,Female,,,,,,,,,,,,,,,,,,,,
51149,"Prince George County, Virginia County",VA,Incidence,Black NH,Male,,,,,,,,,,,,,,,,,,,,
51149,"Prince George County, Virginia County",VA,Incidence,Hispanic,All,,,,,,,,,,,,,,,,,,,,
51149,"Prince George County, Virginia County",VA,Incidence,Hispanic,Female,,,,,,,,,,,,,,,,,,,,
51149,"Prince George County, Virginia County",VA,Incidence,Hispanic,Male,,,,,,,,,,,,,,,,,,,,
51149,"Prince George County, Virginia County",VA,Incidence,White NH,All,,,,,,,,,,,,,,,,,,,,
51149,"Prince George County, Virginia County",VA,Incidence,White NH,Female,,,,,,,,,,,,,,,,,,,,
51149,"Prince George County, Virginia County",VA,Incidence,White NH,Male,,,,,,,,,,,,,,,,,,,,
51159,"Richmond County, Virginia County",VA,Incidence,All,All,,,,,,,,,,,,,,,,,,,,
51159,"Richmond County, Virginia County",VA,Incidence,All,Female,,,,,,,,,,,,,,,,,,,,
51159,"Richmond County, Virginia County",VA,Incidence,All,Male,,,,,,,,,,,,,,,,,,,,
51159,"Richmond County, Virginia County",VA,Incidence,Black NH,All,,,,,,,,,,,,,,,,,,,,
51159,"Richmond County, Virginia County",VA,Incidence,Black NH,Female,,,,,,,,,,,,,,,,,,,,
51159,"Richmond County, Virginia County",VA,Incidence,Black NH,Male,,,,,,,,,,,,,,,,,,,,
51159,"Richmond County, Virginia County",VA,Incidence,Hispanic,All,,,,,,,,,,,,,,,,,,,,
51159,"Richmond County, Virginia County",VA,Incidence,Hispanic,Female,,,,,,,,,,,,,,,,,,,,
51159,"Richmond County, Virginia County",VA,Incidence,Hispanic,Male,,,,,,,,,,,,,,,,,,,,
51159,"Richmond County, Virginia County",VA,Incidence,White NH,All,,,,,,,,,,,,,,,,,,,,
51159,"Richmond County, Virginia County",VA,Incidence,White NH,Female,,,,,,,,,,,,,,,,,,,,
51159,"Richmond County, Virginia County",VA,Incidence,White NH,Male,,,,,,,,,,,,,,,,,,,,
51175,"Southampton County, Virginia County",VA,Incidence,All,All,,,,,,,,,,,,,,,,,,,,
51175,"Southampton County, Virginia County",VA,Incidence,All,Female,,,,,,,,,,,,,,,,,,,,
51175,"Southampton County, Virginia County",VA,Incidence,All,Male,,,,,,,,,,,,,,,,,,,,
51175,"Southampton County, Virginia County",VA,Incidence,Black NH,All,,,,,,,,,,,,,,,,,,,,
51175,"Southampton County, Virginia County",VA,Incidence,Black NH,Female,,,,,,,,,,,,,,,,,,,,
51175,"Southampton County, Virginia County",VA,Incidence,Black NH,Male,,,,,,,,,,,,,,,,,,,,
51175,"Southampton County, Virginia County",VA,Incidence,Hispanic,All,,,,,,,,,,,,,,,,,,,,
51175,"Southampton County, Virginia County",VA,Incidence,Hispanic,Female,,,,,,,,,,,,,,,,,,,,
51175,"Southampton County, Virginia County",VA,Incidence,Hispanic,Male,,,,,,,,,,,,,,,,,,,,
51175,"Southampton County, Virginia County",VA,Incidence,White NH,All,,,,,,,,,,,,,,,,,,,,
51175,"Southampton County, Virginia County",VA,Incidence,White NH,Female,,,,,,,,,,,,,,,,,,,,
51175,"Southampton County, Virginia County",VA,Incidence,White NH,Male,,,,,,,,,,,,,,,,,,,,
51177,"Spotsylvania County, Virginia County",VA,Incidence,All,All,,,,,,,,,,,,,,,,,,,,
51177,"Spotsylvania County, Virginia County",VA,Incidence,All,Female,,,,,,,,,,,,,,,,,,,,
51177,"Spotsylvania County, Virginia County",VA,Incidence,All,Male,,,,,,,,,,,,,,,,,,,,
51177,"Spotsylvania County, Virginia County",VA,Incidence,Black NH,All,,,,,,,,,,,,,,,,,,,,
51177,"Spotsylvania County, Virginia County",VA,Incidence,Black NH,Female,,,,,,,,,,,,,,,,,,,,
51177,"Spotsylvania County, Virginia County",VA,Incidence,Black NH,Male,,,,,,,,,,,,,,,,,,,,
51177,"Spotsylvania County, Virginia County",VA,Incidence,Hispanic,All,,,,,,,,,,,,,,,,,,,,
51177,"Spotsylvania County, Virginia County",VA,Incidence,Hispanic,Female,,,,,,,,,,,,,,,,,,,,
51177,"Spotsylvania County, Virginia County",VA,Incidence,Hispanic,Male,,,,,,,,,,,,,,,,,,,,
51177,"Spotsylvania County, Virginia County",VA,Incidence,White NH,All,,,,,,,,,,,,,,,,,,,,
51177,"Spotsylvania County, Virginia County",VA,Incidence,White NH,Female,,,,,,,,,,,,,,,,,,,,
51177,"Spotsylvania County, Virginia County",VA,Incidence,White NH,Male,,,,,,,,,,,,,,,,,,,,
51179,"Stafford County, Virginia County",VA,Incidence,All,All,,,,,,,,,,,,,,,,,,,,
51179,"Stafford County, Virginia County",VA,Incidence,All,Female,,,,,,,,,,,,,,,,,,,,
51179,"Stafford County, Virginia County",VA,Incidence,All,Male,,,,,,,,,,,,,,,,,,,,
51179,"Stafford County, Virginia County",VA,Incidence,Black NH,All,,,,,,,,,,,,,,,,,,,,
51179,"Stafford County, Virginia County",VA,Incidence,Black NH,Female,,,,,,,,,,,,,,,,,,,,
51179,"Stafford County, Virginia County",VA,Incidence,Black NH,Male,,,,,,,,,,,,,,,,,,,,
51179,"Stafford County, Virginia County",VA,Incidence,Hispanic,All,,,,,,,,,,,,,,,,,,,,
51179,"Stafford County, Virginia County",VA,Incidence,Hispanic,Female,,,,,,,,,,,,,,,,,,,,
51179,"Stafford County, Virginia County",VA,Incidence,Hispanic,Male,,,,,,,,,,,,,,,,,,,,
51179,"Stafford County, Virginia County",VA,Incidence,White NH,All,,,,,,,,,,,,,,,,,,,,
51179,"Stafford County, Virginia County",VA,Incidence,White NH,Female,,,,,,,,,,,,,,,,,,,,
51179,"Stafford County, Virginia County",VA,Incidence,White NH,Male,,,,,,,,,,,,,,,,,,,,
51181,"Surry County, Virginia County",VA,Incidence,All,All,,,,,,,,,,,,,,,,,,,,
51181,"Surry County, Virginia County",VA,Incidence,All,Female,,,,,,,,,,,,,,,,,,,,
51181,"Surry County, Virginia County",VA,Incidence,All,Male,,,,,,,,,,,,,,,,,,,,
51181,"Surry County, Virginia County",VA,Incidence,Black NH,All,,,,,,,,,,,,,,,,,,,,
51181,"Surry County, Virginia County",VA,Incidence,Black NH,Female,,,,,,,,,,,,,,,,,,,,
51181,"Surry County, Virginia County",VA,Incidence,Black NH,Male,,,,,,,,,,,,,,,,,,,,
51181,"Surry County, Virginia County",VA,Incidence,Hispanic,All,,,,,,,,,,,,,,,,,,,,
51181,"Surry County, Virginia County",VA,Incidence,Hispanic,Female,,,,,,,,,,,,,,,,,,,,
51181,"Surry County, Virginia County",VA,Incidence,Hispanic,Male,,,,,,,,,,,,,,,,,,,,
51181,"Surry County, Virginia County",VA,Incidence,White NH,All,,,,,,,,,,,,,,,,,,,,
51181,"Surry County, Virginia County",VA,Incidence,White NH,Female,,,,,,,,,,,,,,,,,,,,
51181,"Surry County, Virginia County",VA,Incidence,White NH,Male,,,,,,,,,,,,,,,,,,,,
51183,"Sussex County, Virginia County",VA,Incidence,All,All,,,,,,,,,,,,,,,,,,,,
51183,"Sussex County, Virginia County",VA,Incidence,All,Female,,,,,,,,,,,,,,,,,,,,
51183,"Sussex County, Virginia County",VA,Incidence,All,Male,,,,,,,,,,,,,,,,,,,,
51183,"Sussex County, Virginia County",VA,Incidence,Black NH,All,,,,,,,,,,,,,,,,,,,,
51183,"Sussex County, Virginia County",VA,Incidence,Black NH,Female,,,,,,,,,,,,,,,,,,,,
51183,"Sussex County, Virginia County",VA,Incidence,Black NH,Male,,,,,,,,,,,,,,,,,,,,
51183,"Sussex County, Virginia County",VA,Incidence,Hispanic,All,,,,,,,,,,,,,,,,,,,,
51183,"Sussex County, Virginia County",VA,Incidence,Hispanic,Female,,,,,,,,,,,,,,,,,,,,
51183,"Sussex County, Virginia County",VA,Incidence,Hispanic,Male,,,,,,,,,,,,,,,,,,,,
51183,"Sussex County, Virginia County",VA,Incidence,White NH,All,,,,,,,,,,,,,,,,,,,,
51183,"Sussex County, Virginia County",VA,Incidence,White NH,Female,,,,,,,,,,,,,,,,,,,,
51183,"Sussex County, Virginia County",VA,Incidence,White NH,Male,,,,,,,,,,,,,,,,,,,,
51193,"Westmoreland County, Virginia County",VA,Incidence,All,All,,,,,,,,,,,,,,,,,,,,
51193,"Westmoreland County, Virginia County",VA,Incidence,All,Female,,,,,,,,,,,,,,,,,,,,
51193,"Westmoreland County, Virginia County",VA,Incidence,All,Male,,,,,,,,,,,,,,,,,,,,
51193,"Westmoreland County, Virginia County",VA,Incidence,Black NH,All,,,,,,,,,,,,,,,,,,,,
51193,"Westmoreland County, Virginia County",VA,Incidence,Black NH,Female,,,,,,,,,,,,,,,,,,,,
51193,"Westmoreland County, Virginia County",VA,Incidence,Black NH,Male,,,,,,,,,,,,,,,,,,,,
51193,"Westmoreland County, Virginia County",VA,Incidence,Hispanic,All,,,,,,,,,,,,,,,,,,,,
51193,"Westmoreland County, Virginia County",VA,Incidence,Hispanic,Female,,,,,,,,,,,,,,,,,,,,
51193,"Westmoreland County, Virginia County",VA,Incidence,Hispanic,Male,,,,,,,,,,,,,,,,,,,,
51193,"Westmoreland County, Virginia County",VA,Incidence,White NH,All,,,,,,,,,,,,,,,,,,,,
51193,"Westmoreland County, Virginia County",VA,Incidence,White NH,Female,,,,,,,,,,,,,,,,,,,,
51193,"Westmoreland County, Virginia County",VA,Incidence,White NH,Male,,,,,,,,,,,,,,,,,,,,
51199,"York County, Virginia County",VA,Incidence,All,All,,,,,,,,,,,,,,,,,,,,
51199,"York County, Virginia County",VA,Incidence,All,Female,,,,,,,,,,,,,,,,,,,,
51199,"York County, Virginia County",VA,Incidence,All,Male,,,,,,,,,,,,,,,,,,,,
51199,"York County, Virginia County",VA,Incidence,Black NH,All,,,,,,,,,,,,,,,,,,,,
51199,"York County, Virginia County",VA,Incidence,Black NH,Female,,,,,,,,,,,,,,,,,,,,
51199,"York County, Virginia County",VA,Incidence,Black NH,Male,,,,,,,,,,,,,,,,,,,,
51199,"York County, Virginia County",VA,Incidence,Hispanic,All,,,,,,,,,,,,,,,,,,,,
51199,"York County, Virginia County",VA,Incidence,Hispanic,Female,,,,,,,,,,,,,,,,,,,,
51199,"York County, Virginia County",VA,Incidence,Hispanic,Male,,,,,,,,,,,,,,,,,,,,
51199,"York County, Virginia County",VA,Incidence,White NH,All,,,,,,,,,,,,,,,,,,,,
51199,"York County, Virginia County",VA,Incidence,White NH,Female,,,,,,,,,,,,,,,,,,,,
51199,"York County, Virginia County",VA,Incidence,White NH,Male,,,,,,,,,,,,,,,,,,,,
51550,"Chesapeake City, Virginia County",VA,Incidence,All,All,,,,,,,,,,,,,,,,,,,,
51550,"Chesapeake City, Virginia County",VA,Incidence,All,Female,,,,,,,,,,,,,,,,,,,,
51550,"Chesapeake City, Virginia County",VA,Incidence,All,Male,,,,,,,,,,,,,,,,,,,,
51550,"Chesapeake City, Virginia County",VA,Incidence,Black NH,All,,,,,,,,,,,,,,,,,,,,
51550,"Chesapeake City, Virginia County",VA,Incidence,Black NH,Female,,,,,,,,,,,,,,,,,,,,
51550,"Chesapeake City, Virginia County",VA,Incidence,Black NH,Male,,,,,,,,,,,,,,,,,,,,
51550,"Chesapeake City, Virginia County",VA,Incidence,Hispanic,All,,,,,,,,,,,,,,,,,,,,
51550,"Chesapeake City, Virginia County",VA,Incidence,Hispanic,Female,,,,,,,,,,,,,,,,,,,,
51550,"Chesapeake City, Virginia County",VA,Incidence,Hispanic,Male,,,,,,,,,,,,,,,,,,,,
51550,"Chesapeake City, Virginia County",VA,Incidence,White NH,All,,,,,,,,,,,,,,,,,,,,
51550,"Chesapeake City, Virginia County",VA,Incidence,White NH,Female,,,,,,,,,,,,,,,,,,,,
51550,"Chesapeake City, Virginia County",VA,Incidence,White NH,Male,,,,,,,,,,,,,,,,,,,,
51570,"Colonial Heights City, Virginia County",VA,Incidence,All,All,,,,,,,,,,,,,,,,,,,,
51570,"Colonial Heights City, Virginia County",VA,Incidence,All,Female,,,,,,,,,,,,,,,,,,,,
51570,"Colonial Heights City, Virginia County",VA,Incidence,All,Male,,,,,,,,,,,,,,,,,,,,
51570,"Colonial Heights City, Virginia County",VA,Incidence,Black NH,All,,,,,,,,,,,,,,,,,,,,
51570,"Colonial Heights City, Virginia County",VA,Incidence,Black NH,Female,,,,,,,,,,,,,,,,,,,,
51570,"Colonial Heights City, Virginia County",VA,Incidence,Black NH,Male,,,,,,,,,,,,,,,,,,,,
51570,"Colonial Heights City, Virginia County",VA,Incidence,Hispanic,All,,,,,,,,,,,,,,,,,,,,
51570,"Colonial Heights City, Virginia County",VA,Incidence,Hispanic,Female,,,,,,,,,,,,,,,,,,,,
51570,"Colonial Heights City, Virginia County",VA,Incidence,Hispanic,Male,,,,,,,,,,,,,,,,,,,,
51570,"Colonial Heights City, Virginia County",VA,Incidence,White NH,All,,,,,,,,,,,,,,,,,,,,
51570,"Colonial Heights City, Virginia County",VA,Incidence,White NH,Female,,,,,,,,,,,,,,,,,,,,
51570,"Colonial Heights City, Virginia County",VA,Incidence,White NH,Male,,,,,,,,,,,,,,,,,,,,
51590,"Danville City, Virginia County",VA,Incidence,All,All,,,,,,,,,,,,,,,,,,,,
51590,"Danville City, Virginia County",VA,Incidence,All,Female,,,,,,,,,,,,,,,,,,,,
51590,"Danville City, Virginia County",VA,Incidence,All,Male,,,,,,,,,,,,,,,,,,,,
51590,"Danville City, Virginia County",VA,Incidence,Black NH,All,,,,,,,,,,,,,,,,,,,,
51590,"Danville City, Virginia County",VA,Incidence,Black NH,Female,,,,,,,,,,,,,,,,,,,,
51590,"Danville City, Virginia County",VA,Incidence,Black NH,Male,,,,,,,,,,,,,,,,,,,,
51590,"Danville City, Virginia County",VA,Incidence,Hispanic,All,,,,,,,,,,,,,,,,,,,,
51590,"Danville City, Virginia County",VA,Incidence,Hispanic,Female,,,,,,,,,,,,,,,,,,,,
51590,"Danville City, Virginia County",VA,Incidence,Hispanic,Male,,,,,,,,,,,,,,,,,,,,
51590,"Danville City, Virginia County",VA,Incidence,White NH,All,,,,,,,,,,,,,,,,,,,,
51590,"Danville City, Virginia County",VA,Incidence,White NH,Female,,,,,,,,,,,,,,,,,,,,
51590,"Danville City, Virginia County",VA,Incidence,White NH,Male,,,,,,,,,,,,,,,,,,,,
51595,"Emporia City, Virginia County",VA,Incidence,All,All,,,,,,,,,,,,,,,,,,,,
51595,"Emporia City, Virginia County",VA,Incidence,All,Female,,,,,,,,,,,,,,,,,,,,
51595,"Emporia City, Virginia County",VA,Incidence,All,Male,,,,,,,,,,,,,,,,,,,,
51595,"Emporia City, Virginia County",VA,Incidence,Black NH,All,,,,,,,,,,,,,,,,,,,,
51595,"Emporia City, Virginia County",VA,Incidence,Black NH,Female,,,,,,,,,,,,,,,,,,,,
51595,"Emporia City, Virginia County",VA,Incidence,Black NH,Male,,,,,,,,,,,,,,,,,,,,
51595,"Emporia City, Virginia County",VA,Incidence,Hispanic,All,,,,,,,,,,,,,,,,,,,,
51595,"Emporia City, Virginia County",VA,Incidence,Hispanic,Female,,,,,,,,,,,,,,,,,,,,
51595,"Emporia City, Virginia County",VA,Incidence,Hispanic,Male,,,,,,,,,,,,,,,,,,,,
51595,"Emporia City, Virginia County",VA,Incidence,White NH,All,,,,,,,,,,,,,,,,,,,,
51595,"Emporia City, Virginia County",VA,Incidence,White NH,Female,,,,,,,,,,,,,,,,,,,,
51595,"Emporia City, Virginia County",VA,Incidence,White NH,Male,,,,,,,,,,,,,,,,,,,,
51620,"Franklin City, Virginia County",VA,Incidence,All,All,,,,,,,,,,,,,,,,,,,,
51620,"Franklin City, Virginia County",VA,Incidence,All,Female,,,,,,,,,,,,,,,,,,,,
51620,"Franklin City, Virginia County",VA,Incidence,All,Male,,,,,,,,,,,,,,,,,,,,
51620,"Franklin City, Virginia County",VA,Incidence,Black NH,All,,,,,,,,,,,,,,,,,,,,
51620,"Franklin City, Virginia County",VA,Incidence,Black NH,Female,,,,,,,,,,,,,,,,,,,,
51620,"Franklin City, Virginia County",VA,Incidence,Black NH,Male,,,,,,,,,,,,,,,,,,,,
51620,"Franklin City, Virginia County",VA,Incidence,Hispanic,All,,,,,,,,,,,,,,,,,,,,
51620,"Franklin City, Virginia County",VA,Incidence,Hispanic,Female,,,,,,,,,,,,,,,,,,,,
51620,"Franklin City, Virginia County",VA,Incidence,Hispanic,Male,,,,,,,,,,,,,,,,,,,,
51620,"Franklin City, Virginia County",VA,Incidence,White NH,All,,,,,,,,,,,,,,,,,,,,
51620,"Franklin City, Virginia County",VA,Incidence,White NH,Female,,,,,,,,,,,,,,,,,,,,
51620,"Franklin City, Virginia County",VA,Incidence,White NH,Male,,,,,,,,,,,,,,,,,,,,
51630,"Fredericksburg City, Virginia County",VA,Incidence,All,All,,,,,,,,,,,,,,,,,,,,
51630,"Fredericksburg City, Virginia County",VA,Incidence,All,Female,,,,,,,,,,,,,,,,,,,,
51630,"Fredericksburg City, Virginia County",VA,Incidence,All,Male,,,,,,,,,,,,,,,,,,,,
51630,"Fredericksburg City, Virginia County",VA,Incidence,Black NH,All,,,,,,,,,,,,,,,,,,,,
51630,"Fredericksburg City, Virginia County",VA,Incidence,Black NH,Female,,,,,,,,,,,,,,,,,,,,
51630,"Fredericksburg City, Virginia County",VA,Incidence,Black NH,Male,,,,,,,,,,,,,,,,,,,,
51630,"Fredericksburg City, Virginia County",VA,Incidence,Hispanic,All,,,,,,,,,,,,,,,,,,,,
51630,"Fredericksburg City, Virginia County",VA,Incidence,Hispanic,Female,,,,,,,,,,,,,,,,,,,,
51630,"Fredericksburg City, Virginia County",VA,Incidence,Hispanic,Male,,,,,,,,,,,,,,,,,,,,
51630,"Fredericksburg City, Virginia County",VA,Incidence,White NH,All,,,,,,,,,,,,,,,,,,,,
51630,"Fredericksburg City, Virginia County",VA,Incidence,White NH,Female,,,,,,,,,,,,,,,,,,,,
51630,"Fredericksburg City, Virginia County",VA,Incidence,White NH,Male,,,,,,,,,,,,,,,,,,,,
51650,"Hampton City, Virginia County",VA,Incidence,All,All,,,,,,,,,,,,,,,,,,,,
51650,"Hampton City, Virginia County",VA,Incidence,All,Female,,,,,,,,,,,,,,,,,,,,
51650,"Hampton City, Virginia County",VA,Incidence,All,Male,,,,,,,,,,,,,,,,,,,,
51650,"Hampton City, Virginia County",VA,Incidence,Black NH,All,,,,,,,,,,,,,,,,,,,,
51650,"Hampton City, Virginia County",VA,Incidence,Black NH,Female,,,,,,,,,,,,,,,,,,,,
51650,"Hampton City, Virginia County",VA,Incidence,Black NH,Male,,,,,,,,,,,,,,,,,,,,
51650,"Hampton City, Virginia County",VA,Incidence,Hispanic,All,,,,,,,,,,,,,,,,,,,,
51650,"Hampton City, Virginia County",VA,Incidence,Hispanic,Female,,,,,,,,,,,,,,,,,,,,
51650,"Hampton City, Virginia County",VA,Incidence,Hispanic,Male,,,,,,,,,,,,,,,,,,,,
51650,"Hampton City, Virginia County",VA,Incidence,White NH,All,,,,,,,,,,,,,,,,,,,,
51650,"Hampton City, Virginia County",VA,Incidence,White NH,Female,,,,,,,,,,,,,,,,,,,,
51650,"Hampton City, Virginia County",VA,Incidence,White NH,Male,,,,,,,,,,,,,,,,,,,,
51670,"Hopewell City, Virginia County",VA,Incidence,All,All,,,,,,,,,,,,,,,,,,,,
51670,"Hopewell City, Virginia County",VA,Incidence,All,Female,,,,,,,,,,,,,,,,,,,,
51670,"Hopewell City, Virginia County",VA,Incidence,All,Male,,,,,,,,,,,,,,,,,,,,
51670,"Hopewell City, Virginia County",VA,Incidence,Black NH,All,,,,,,,,,,,,,,,,,,,,
51670,"Hopewell City, Virginia County",VA,Incidence,Black NH,Female,,,,,,,,,,,,,,,,,,,,
51670,"Hopewell City, Virginia County",VA,Incidence,Black NH,Male,,,,,,,,,,,,,,,,,,,,
51670,"Hopewell City, Virginia County",VA,Incidence,Hispanic,All,,,,,,,,,,,,,,,,,,,,
51670,"Hopewell City, Virginia County",VA,Incidence,Hispanic,Female,,,,,,,,,,,,,,,,,,,,
51670,"Hopewell City, Virginia County",VA,Incidence,Hispanic,Male,,,,,,,,,,,,,,,,,,,,
51670,"Hopewell City, Virginia County",VA,Incidence,White NH,All,,,,,,,,,,,,,,,,,,,,
51670,"Hopewell City, Virginia County",VA,Incidence,White NH,Female,,,,,,,,,,,,,,,,,,,,
51670,"Hopewell City, Virginia County",VA,Incidence,White NH,Male,,,,,,,,,,,,,,,,,,,,
51680,"Lynchburg City, Virginia County",VA,Incidence,All,All,,,,,,,,,,,,,,,,,,,,
51680,"Lynchburg City, Virginia County",VA,Incidence,All,Female,,,,,,,,,,,,,,,,,,,,
51680,"Lynchburg City, Virginia County",VA,Incidence,All,Male,,,,,,,,,,,,,,,,,,,,
51680,"Lynchburg City, Virginia County",VA,Incidence,Black NH,All,,,,,,,,,,,,,,,,,,,,
51680,"Lynchburg City, Virginia County",VA,Incidence,Black NH,Female,,,,,,,,,,,,,,,,,,,,
51680,"Lynchburg City, Virginia County",VA,Incidence,Black NH,Male,,,,,,,,,,,,,,,,,,,,
51680,"Lynchburg City, Virginia County",VA,Incidence,Hispanic,All,,,,,,,,,,,,,,,,,,,,
51680,"Lynchburg City, Virginia County",VA,Incidence,Hispanic,Female,,,,,,,,,,,,,,,,,,,,
51680,"Lynchburg City, Virginia County",VA,Incidence,Hispanic,Male,,,,,,,,,,,,,,,,,,,,
51680,"Lynchburg City, Virginia County",VA,Incidence,White NH,All,,,,,,,,,,,,,,,,,,,,
51680,"Lynchburg City, Virginia County",VA,Incidence,White NH,Female,,,,,,,,,,,,,,,,,,,,
51680,"Lynchburg City, Virginia County",VA,Incidence,White NH,Male,,,,,,,,,,,,,,,,,,,,
51690,"Martinsville City, Virginia County",VA,Incidence,All,All,,,,,,,,,,,,,,,,,,,,
51690,"Martinsville City, Virginia County",VA,Incidence,All,Female,,,,,,,,,,,,,,,,,,,,
51690,"Martinsville City, Virginia County",VA,Incidence,All,Male,,,,,,,,,,,,,,,,,,,,
51690,"Martinsville City, Virginia County",VA,Incidence,Black NH,All,,,,,,,,,,,,,,,,,,,,
51690,"Martinsville City, Virginia County",VA,Incidence,Black NH,Female,,,,,,,,,,,,,,,,,,,,
51690,"Martinsville City, Virginia County",VA,Incidence,Black NH,Male,,,,,,,,,,,,,,,,,,,,
51690,"Martinsville City, Virginia County",VA,Incidence,Hispanic,All,,,,,,,,,,,,,,,,,,,,
51690,"Martinsville City, Virginia County",VA,Incidence,Hispanic,Female,,,,,,,,,,,,,,,,,,,,
51690,"Martinsville City, Virginia County",VA,Incidence,Hispanic,Male,,,,,,,,,,,,,,,,,,,,
51690,"Martinsville City, Virginia County",VA,Incidence,White NH,All,,,,,,,,,,,,,,,,,,,,
51690,"Martinsville City, Virginia County",VA,Incidence,White NH,Female,,,,,,,,,,,,,,,,,,,,
51690,"Martinsville City, Virginia County",VA,Incidence,White NH,Male,,,,,,,,,,,,,,,,,,,,
51700,"Newport News City, Virginia County",VA,Incidence,All,All,,,,,,,,,,,,,,,,,,,,
51700,"Newport News City, Virginia County",VA,Incidence,All,Female,,,,,,,,,,,,,,,,,,,,
51700,"Newport News City, Virginia County",VA,Incidence,All,Male,,,,,,,,,,,,,,,,,,,,
51700,"Newport News City, Virginia County",VA,Incidence,Black NH,All,,,,,,,,,,,,,,,,,,,,
51700,"Newport News City, Virginia County",VA,Incidence,Black NH,Female,,,,,,,,,,,,,,,,,,,,
51700,"Newport News City, Virginia County",VA,Incidence,Black NH,Male,,,,,,,,,,,,,,,,,,,,
51700,"Newport News City, Virginia County",VA,Incidence,Hispanic,All,,,,,,,,,,,,,,,,,,,,
51700,"Newport News City, Virginia County",VA,Incidence,Hispanic,Female,,,,,,,,,,,,,,,,,,,,
51700,"Newport News City, Virginia County",VA,Incidence,Hispanic,Male,,,,,,,,,,,,,,,,,,,,
51700,"Newport News City, Virginia County",VA,Incidence,White NH,All,,,,,,,,,,,,,,,,,,,,
51700,"Newport News City, Virginia County",VA,Incidence,White NH,Female,,,,,,,,,,,,,,,,,,,,
51700,"Newport News City, Virginia County",VA,Incidence,White NH,Male,,,,,,,,,,,,,,,,,,,,
51710,"Norfolk City, Virginia County",VA,Incidence,All,All,,,,,,,,,,,,,,,,,,,,
51710,"Norfolk City, Virginia County",VA,Incidence,All,Female,,,,,,,,,,,,,,,,,,,,
51710,"Norfolk City, Virginia County",VA,Incidence,All,Male,,,,,,,,,,,,,,,,,,,,
51710,"Norfolk City, Virginia County",VA,Incidence,Black NH,All,,,,,,,,,,,,,,,,,,,,
51710,"Norfolk City, Virginia County",VA,Incidence,Black NH,Female,,,,,,,,,,,,,,,,,,,,
51710,"Norfolk City, Virginia County",VA,Incidence,Black NH,Male,,,,,,,,,,,,,,,,,,,,
51710,"Norfolk City, Virginia County",VA,Incidence,Hispanic,All,,,,,,,,,,,,,,,,,,,,
51710,"Norfolk City, Virginia County",VA,Incidence,Hispanic,Female,,,,,,,,,,,,,,,,,,,,
51710,"Norfolk City, Virginia County",VA,Incidence,Hispanic,Male,,,,,,,,,,,,,,,,,,,,
51710,"Norfolk City, Virginia County",VA,Incidence,White NH,All,,,,,,,,,,,,,,,,,,,,
51710,"Norfolk City, Virginia County",VA,Incidence,White NH,Female,,,,,,,,,,,,,,,,,,,,
51710,"Norfolk City, Virginia County",VA,Incidence,White NH,Male,,,,,,,,,,,,,,,,,,,,
51730,"Petersburg City, Virginia County",VA,Incidence,All,All,,,,,,,,,,,,,,,,,,,,
51730,"Petersburg City, Virginia County",VA,Incidence,All,Female,,,,,,,,,,,,,,,,,,,,
51730,"Petersburg City, Virginia County",VA,Incidence,All,Male,,,,,,,,,,,,,,,,,,,,
51730,"Petersburg City, Virginia County",VA,Incidence,Black NH,All,,,,,,,,,,,,,,,,,,,,
51730,"Petersburg City, Virginia County",VA,Incidence,Black NH,Female,,,,,,,,,,,,,,,,,,,,
51730,"Petersburg City, Virginia County",VA,Incidence,Black NH,Male,,,,,,,,,,,,,,,,,,,,
51730,"Petersburg City, Virginia County",VA,Incidence,Hispanic,All,,,,,,,,,,,,,,,,,,,,
51730,"Petersburg City, Virginia County",VA,Incidence,Hispanic,Female,,,,,,,,,,,,,,,,,,,,
51730,"Petersburg City, Virginia County",VA,Incidence,Hispanic,Male,,,,,,,,,,,,,,,,,,,,
51730,"Petersburg City, Virginia County",VA,Incidence,White NH,All,,,,,,,,,,,,,,,,,,,,
51730,"Petersburg City, Virginia County",VA,Incidence,White NH,Female,,,,,,,,,,,,,,,,,,,,
51730,"Petersburg City, Virginia County",VA,Incidence,White NH,Male,,,,,,,,,,,,,,,,,,,,
51735,"Poquoson City, Virginia County",VA,Incidence,All,All,,,,,,,,,,,,,,,,,,,,
51735,"Poquoson City, Virginia County",VA,Incidence,All,Female,,,,,,,,,,,,,,,,,,,,
51735,"Poquoson City, Virginia County",VA,Incidence,All,Male,,,,,,,,,,,,,,,,,,,,
51735,"Poquoson City, Virginia County",VA,Incidence,Black NH,All,,,,,,,,,,,,,,,,,,,,
51735,"Poquoson City, Virginia County",VA,Incidence,Black NH,Female,,,,,,,,,,,,,,,,,,,,
51735,"Poquoson City, Virginia County",VA,Incidence,Black NH,Male,,,,,,,,,,,,,,,,,,,,
51735,"Poquoson City, Virginia County",VA,Incidence,Hispanic,All,,,,,,,,,,,,,,,,,,,,
51735,"Poquoson City, Virginia County",VA,Incidence,Hispanic,Female,,,,,,,,,,,,,,,,,,,,
51735,"Poquoson City, Virginia County",VA,Incidence,Hispanic,Male,,,,,,,,,,,,,,,,,,,,
51735,"Poquoson City, Virginia County",VA,Incidence,White NH,All,,,,,,,,,,,,,,,,,,,,
51735,"Poquoson City, Virginia County",VA,Incidence,White NH,Female,,,,,,,,,,,,,,,,,,,,
51735,"Poquoson City, Virginia County",VA,Incidence,White NH,Male,,,,,,,,,,,,,,,,,,,,
51740,"Portsmouth City, Virginia County",VA,Incidence,All,All,,,,,,,,,,,,,,,,,,,,
51740,"Portsmouth City, Virginia County",VA,Incidence,All,Female,,,,,,,,,,,,,,,,,,,,
51740,"Portsmouth City, Virginia County",VA,Incidence,All,Male,,,,,,,,,,,,,,,,,,,,
51740,"Portsmouth City, Virginia County",VA,Incidence,Black NH,All,,,,,,,,,,,,,,,,,,,,
51740,"Portsmouth City, Virginia County",VA,Incidence,Black NH,Female,,,,,,,,,,,,,,,,,,,,
51740,"Portsmouth City, Virginia County",VA,Incidence,Black NH,Male,,,,,,,,,,,,,,,,,,,,
51740,"Portsmouth City, Virginia County",VA,Incidence,Hispanic,All,,,,,,,,,,,,,,,,,,,,
51740,"Portsmouth City, Virginia County",VA,Incidence,Hispanic,Female,,,,,,,,,,,,,,,,,,,,
51740,"Portsmouth City, Virginia County",VA,Incidence,Hispanic,Male,,,,,,,,,,,,,,,,,,,,
51740,"Portsmouth City, Virginia County",VA,Incidence,White NH,All,,,,,,,,,,,,,,,,,,,,
51740,"Portsmouth City, Virginia County",VA,Incidence,White NH,Female,,,,,,,,,,,,,,,,,,,,
51740,"Portsmouth City, Virginia County",VA,Incidence,White NH,Male,,,,,,,,,,,,,,,,,,,,
51760,"Richmond City, Virginia County",VA,Incidence,All,All,,,,,,,,,,,,,,,,,,,,
51760,"Richmond City, Virginia County",VA,Incidence,All,Female,,,,,,,,,,,,,,,,,,,,
51760,"Richmond City, Virginia County",VA,Incidence,All,Male,,,,,,,,,,,,,,,,,,,,
51760,"Richmond City, Virginia County",VA,Incidence,Black NH,All,,,,,,,,,,,,,,,,,,,,
51760,"Richmond City, Virginia County",VA,Incidence,Black NH,Female,,,,,,,,,,,,,,,,,,,,
51760,"Richmond City, Virginia County",VA,Incidence,Black NH,Male,,,,,,,,,,,,,,,,,,,,
51760,"Richmond City, Virginia County",VA,Incidence,Hispanic,All,,,,,,,,,,,,,,,,,,,,
51760,"Richmond City, Virginia County",VA,Incidence,Hispanic,Female,,,,,,,,,,,,,,,,,,,,
51760,"Richmond City, Virginia County",VA,Incidence,Hispanic,Male,,,,,,,,,,,,,,,,,,,,
51760,"Richmond City, Virginia County",VA,Incidence,White NH,All,,,,,,,,,,,,,,,,,,,,
51760,"Richmond City, Virginia County",VA,Incidence,White NH,Female,,,,,,,,,,,,,,,,,,,,
51760,"Richmond City, Virginia County",VA,Incidence,White NH,Male,,,,,,,,,,,,,,,,,,,,
51800,"Suffolk City, Virginia County",VA,Incidence,All,All,,,,,,,,,,,,,,,,,,,,
51800,"Suffolk City, Virginia County",VA,Incidence,All,Female,,,,,,,,,,,,,,,,,,,,
51800,"Suffolk City, Virginia County",VA,Incidence,All,Male,,,,,,,,,,,,,,,,,,,,
51800,"Suffolk City, Virginia County",VA,Incidence,Black NH,All,,,,,,,,,,,,,,,,,,,,
51800,"Suffolk City, Virginia County",VA,Incidence,Black NH,Female,,,,,,,,,,,,,,,,,,,,
51800,"Suffolk City, Virginia County",VA,Incidence,Black NH,Male,,,,,,,,,,,,,,,,,,,,
51800,"Suffolk City, Virginia County",VA,Incidence,Hispanic,All,,,,,,,,,,,,,,,,,,,,
51800,"Suffolk City, Virginia County",VA,Incidence,Hispanic,Female,,,,,,,,,,,,,,,,,,,,
51800,"Suffolk City, Virginia County",VA,Incidence,Hispanic,Male,,,,,,,,,,,,,,,,,,,,
51800,"Suffolk City, Virginia County",VA,Incidence,White NH,All,,,,,,,,,,,,,,,,,,,,
51800,"Suffolk City, Virginia County",VA,Incidence,White NH,Female,,,,,,,,,,,,,,,,,,,,
51800,"Suffolk City, Virginia County",VA,Incidence,White NH,Male,,,,,,,,,,,,,,,,,,,,
51810,"Virginia Beach City, Virginia County",VA,Incidence,All,All,,,,,,,,,,,,,,,,,,,,
51810,"Virginia Beach City, Virginia County",VA,Incidence,All,Female,,,,,,,,,,,,,,,,,,,,
51810,"Virginia Beach City, Virginia County",VA,Incidence,All,Male,,,,,,,,,,,,,,,,,,,,
51810,"Virginia Beach City, Virginia County",VA,Incidence,Black NH,All,,,,,,,,,,,,,,,,,,,,
51810,"Virginia Beach City, Virginia County",VA,Incidence,Black NH,Female,,,,,,,,,,,,,,,,,,,,
51810,"Virginia Beach City, Virginia County",VA,Incidence,Black NH,Male,,,,,,,,,,,,,,,,,,,,
51810,"Virginia Beach City, Virginia County",VA,Incidence,Hispanic,All,,,,,,,,,,,,,,,,,,,,
51810,"Virginia Beach City, Virginia County",VA,Incidence,Hispanic,Female,,,,,,,,,,,,,,,,,,,,
51810,"Virginia Beach City, Virginia County",VA,Incidence,Hispanic,Male,,,,,,,,,,,,,,,,,,,,
51810,"Virginia Beach City, Virginia County",VA,Incidence,White NH,All,,,,,,,,,,,,,,,,,,,,
51810,"Virginia Beach City, Virginia County",VA,Incidence,White NH,Female,,,,,,,,,,,,,,,,,,,,
51810,"Virginia Beach City, Virginia County",VA,Incidence,White NH,Male,,,,,,,,,,,,,,,,,,,,
51830,"Williamsburg City, Virginia County",VA,Incidence,All,All,,,,,,,,,,,,,,,,,,,,
51830,"Williamsburg City, Virginia County",VA,Incidence,All,Female,,,,,,,,,,,,,,,,,,,,
51830,"Williamsburg City, Virginia County",VA,Incidence,All,Male,,,,,,,,,,,,,,,,,,,,
51830,"Williamsburg City, Virginia County",VA,Incidence,Black NH,All,,,,,,,,,,,,,,,,,,,,
51830,"Williamsburg City, Virginia County",VA,Incidence,Black NH,Female,,,,,,,,,,,,,,,,,,,,
51830,"Williamsburg City, Virginia County",VA,Incidence,Black NH,Male,,,,,,,,,,,,,,,,,,,,
51830,"Williamsburg City, Virginia County",VA,Incidence,Hispanic,All,,,,,,,,,,,,,,,,,,,,
51830,"Williamsburg City, Virginia County",VA,Incidence,Hispanic,Female,,,,,,,,,,,,,,,,,,,,
51830,"Williamsburg City, Virginia County",VA,Incidence,Hispanic,Male,,,,,,,,,,,,,,,,,,,,
51830,"Williamsburg City, Virginia County",VA,Incidence,White NH,All,,,,,,,,,,,,,,,,,,,,
51830,"Williamsburg City, Virginia County",VA,Incidence,White NH,Female,,,,,,,,,,,,,,,,,,,,
51830,"Williamsburg City, Virginia County",VA,Incidence,White NH,Male,,,,,,,,,,,,,,,,,,,,
