FIPS,Tract,County,State,LILATracts_Vehicle
51001090100,Census Tract 901,Accomack County,Virginia,1
51001090200,Census Tract 902,Accomack County,Virginia,1
51001090300,Census Tract 903,Accomack County,Virginia,0
51001090400,Census Tract 904,Accomack County,Virginia,1
51001090500,Census Tract 905,Accomack County,Virginia,1
51001090600,Census Tract 906,Accomack County,Virginia,1
51001090700,Census Tract 907,Accomack County,Virginia,1
51001090800,Census Tract 908,Accomack County,Virginia,1
51001980200,Census Tract 9802,Accomack County,Virginia,0
51007930100,Census Tract 9301,Amelia County,Virginia,0
51007930200,Census Tract 9302,Amelia County,Virginia,0
51011040100,Census Tract 401,Appomattox County,Virginia,1
51011040200,Census Tract 402,Appomattox County,Virginia,0
51011040300,Census Tract 403,Appomattox County,Virginia,0
51025930100,Census Tract 9301,Brunswick County,Virginia,0
51025930201,Census Tract 9302.01,Brunswick County,Virginia,0
51025930202,Census Tract 9302.02,Brunswick County,Virginia,0
51025930203,Census Tract 9302.03,Brunswick County,Virginia,1
51025930300,Census Tract 9303,Brunswick County,Virginia,1
51029930101,Census Tract 9301.01,Buckingham County,Virginia,0
51029930102,Census Tract 9301.02,Buckingham County,Virginia,0
51029930201,Census Tract 9302.01,Buckingham County,Virginia,0
51029930202,Census Tract 9302.02,Buckingham County,Virginia,1
51031020101,Census Tract 201.01,Campbell County,Virginia,0
51031020102,Census Tract 201.02,Campbell County,Virginia,0
51031020200,Census Tract 202,Campbell County,Virginia,1
51031020300,Census Tract 203,Campbell County,Virginia,0
51031020401,Census Tract 204.01,Campbell County,Virginia,0
51031020402,Census Tract 204.02,Campbell County,Virginia,0
51031020403,Census Tract 204.03,Campbell County,Virginia,1
51031020500,Census Tract 205,Campbell County,Virginia,1
51031020600,Census Tract 206,Campbell County,Virginia,0
51031020700,Census Tract 207,Campbell County,Virginia,0
51031020800,Census Tract 208,Campbell County,Virginia,0
51031020900,Census Tract 209,Campbell County,Virginia,1
51033030100,Census Tract 301,Caroline County,Virginia,0
51033030201,Census Tract 302.01,Caroline County,Virginia,0
51033030202,Census Tract 302.02,Caroline County,Virginia,0
51033030300,Census Tract 303,Caroline County,Virginia,0
51033030400,Census Tract 304,Caroline County,Virginia,0
51033030500,Census Tract 305,Caroline County,Virginia,0
51033030600,Census Tract 306,Caroline County,Virginia,0
51036600100,Census Tract 6001,Charles City County,Virginia,0
51036600200,Census Tract 6002,Charles City County,Virginia,0
51036600300,Census Tract 6003,Charles City County,Virginia,0
51037930100,Census Tract 9301,Charlotte County,Virginia,1
51037930200,Census Tract 9302,Charlotte County,Virginia,0
51037930300,Census Tract 9303,Charlotte County,Virginia,1
51041100106,Census Tract 1001.06,Chesterfield County,Virginia,0
51041100107,Census Tract 1001.07,Chesterfield County,Virginia,0
51041100205,Census Tract 1002.05,Chesterfield County,Virginia,0
51041100206,Census Tract 1002.06,Chesterfield County,Virginia,0
51041100208,Census Tract 1002.08,Chesterfield County,Virginia,0
51041100209,Census Tract 1002.09,Chesterfield County,Virginia,0
51041100210,Census Tract 1002.10,Chesterfield County,Virginia,0
51041100300,Census Tract 1003,Chesterfield County,Virginia,0
51041100403,Census Tract 1004.03,Chesterfield County,Virginia,0
51041100404,Census Tract 1004.04,Chesterfield County,Virginia,0
51041100405,Census Tract 1004.05,Chesterfield County,Virginia,0
51041100406,Census Tract 1004.06,Chesterfield County,Virginia,0
51041100407,Census Tract 1004.07,Chesterfield County,Virginia,0
51041100409,Census Tract 1004.09,Chesterfield County,Virginia,0
51041100410,Census Tract 1004.10,Chesterfield County,Virginia,1
51041100505,Census Tract 1005.05,Chesterfield County,Virginia,0
51041100506,Census Tract 1005.06,Chesterfield County,Virginia,0
51041100507,Census Tract 1005.07,Chesterfield County,Virginia,0
51041100508,Census Tract 1005.08,Chesterfield County,Virginia,0
51041100509,Census Tract 1005.09,Chesterfield County,Virginia,0
51041100510,Census Tract 1005.10,Chesterfield County,Virginia,0
51041100600,Census Tract 1006,Chesterfield County,Virginia,0
51041100701,Census Tract 1007.01,Chesterfield County,Virginia,0
51041100702,Census Tract 1007.02,Chesterfield County,Virginia,0
51041100703,Census Tract 1007.03,Chesterfield County,Virginia,0
51041100804,Census Tract 1008.04,Chesterfield County,Virginia,0
51041100805,Census Tract 1008.05,Chesterfield County,Virginia,0
51041100806,Census Tract 1008.06,Chesterfield County,Virginia,0
51041100807,Census Tract 1008.07,Chesterfield County,Virginia,0
51041100812,Census Tract 1008.12,Chesterfield County,Virginia,0
51041100814,Census Tract 1008.14,Chesterfield County,Virginia,0
51041100815,Census Tract 1008.15,Chesterfield County,Virginia,0
51041100816,Census Tract 1008.16,Chesterfield County,Virginia,0
51041100817,Census Tract 1008.17,Chesterfield County,Virginia,0
51041100818,Census Tract 1008.18,Chesterfield County,Virginia,0
51041100819,Census Tract 1008.19,Chesterfield County,Virginia,0
51041100820,Census Tract 1008.20,Chesterfield County,Virginia,0
51041100821,Census Tract 1008.21,Chesterfield County,Virginia,0
51041100822,Census Tract 1008.22,Chesterfield County,Virginia,0
51041100823,Census Tract 1008.23,Chesterfield County,Virginia,0
51041100902,Census Tract 1009.02,Chesterfield County,Virginia,0
51041100907,Census Tract 1009.07,Chesterfield County,Virginia,0
51041100910,Census Tract 1009.10,Chesterfield County,Virginia,0
51041100912,Census Tract 1009.12,Chesterfield County,Virginia,0
51041100915,Census Tract 1009.15,Chesterfield County,Virginia,0
51041100919,Census Tract 1009.19,Chesterfield County,Virginia,0
51041100920,Census Tract 1009.20,Chesterfield County,Virginia,0
51041100921,Census Tract 1009.21,Chesterfield County,Virginia,0
51041100922,Census Tract 1009.22,Chesterfield County,Virginia,0
51041100923,Census Tract 1009.23,Chesterfield County,Virginia,0
51041100924,Census Tract 1009.24,Chesterfield County,Virginia,0
51041100926,Census Tract 1009.26,Chesterfield County,Virginia,0
51041100927,Census Tract 1009.27,Chesterfield County,Virginia,0
51041100928,Census Tract 1009.28,Chesterfield County,Virginia,0
51041100929,Census Tract 1009.29,Chesterfield County,Virginia,0
51041100930,Census Tract 1009.30,Chesterfield County,Virginia,0
51041100931,Census Tract 1009.31,Chesterfield County,Virginia,0
51041100932,Census Tract 1009.32,Chesterfield County,Virginia,0
51041100933,Census Tract 1009.33,Chesterfield County,Virginia,0
51041100934,Census Tract 1009.34,Chesterfield County,Virginia,0
51041100935,Census Tract 1009.35,Chesterfield County,Virginia,0
51041100936,Census Tract 1009.36,Chesterfield County,Virginia,0
51041101003,Census Tract 1010.03,Chesterfield County,Virginia,0
51041101004,Census Tract 1010.04,Chesterfield County,Virginia,0
51041101007,Census Tract 1010.07,Chesterfield County,Virginia,0
51041101008,Census Tract 1010.08,Chesterfield County,Virginia,0
51041101009,Census Tract 1010.09,Chesterfield County,Virginia,0
51041101010,Census Tract 1010.10,Chesterfield County,Virginia,0
51041101011,Census Tract 1010.11,Chesterfield County,Virginia,0
51041101012,Census Tract 1010.12,Chesterfield County,Virginia,0
51041101013,Census Tract 1010.13,Chesterfield County,Virginia,0
51049930100,Census Tract 9301,Cumberland County,Virginia,1
51049930200,Census Tract 9302,Cumberland County,Virginia,1
51053840100,Census Tract 8401,Dinwiddie County,Virginia,0
51053840200,Census Tract 8402,Dinwiddie County,Virginia,0
51053840300,Census Tract 8403,Dinwiddie County,Virginia,0
51053840400,Census Tract 8404,Dinwiddie County,Virginia,0
51053840500,Census Tract 8405,Dinwiddie County,Virginia,1
51053840600,Census Tract 8406,Dinwiddie County,Virginia,0
51057950600,Census Tract 9506,Essex County,Virginia,0
51057950700,Census Tract 9507,Essex County,Virginia,1
51057950800,Census Tract 9508,Essex County,Virginia,0
51073100100,Census Tract 1001,Gloucester County,Virginia,0
51073100201,Census Tract 1002.01,Gloucester County,Virginia,0
51073100202,Census Tract 1002.02,Gloucester County,Virginia,0
51073100203,Census Tract 1002.03,Gloucester County,Virginia,0
51073100301,Census Tract 1003.01,Gloucester County,Virginia,1
51073100302,Census Tract 1003.02,Gloucester County,Virginia,0
51073100400,Census Tract 1004,Gloucester County,Virginia,0
51073100500,Census Tract 1005,Gloucester County,Virginia,0
51075400100,Census Tract 4001,Goochland County,Virginia,0
51075400200,Census Tract 4002,Goochland County,Virginia,0
51075400300,Census Tract 4003,Goochland County,Virginia,0
51075400400,Census Tract 4004,Goochland County,Virginia,0
51075400500,Census Tract 4005,Goochland County,Virginia,0
51081880101,Census Tract 8801.01,Greensville County,Virginia,0
51081880102,Census Tract 8801.02,Greensville County,Virginia,0
51081880200,Census Tract 8802,Greensville County,Virginia,1
51083930100,Census Tract 9301,Halifax County,Virginia,1
51083930201,Census Tract 9302.01,Halifax County,Virginia,1
51083930202,Census Tract 9302.02,Halifax County,Virginia,0
51083930301,Census Tract 9303.01,Halifax County,Virginia,0
51083930302,Census Tract 9303.02,Halifax County,Virginia,1
51083930400,Census Tract 9304,Halifax County,Virginia,0
51083930500,Census Tract 9305,Halifax County,Virginia,0
51083930600,Census Tract 9306,Halifax County,Virginia,1
51083930800,Census Tract 9308,Halifax County,Virginia,0
51085320100,Census Tract 3201,Hanover County,Virginia,0
51085320200,Census Tract 3202,Hanover County,Virginia,0
51085320300,Census Tract 3203,Hanover County,Virginia,0
51085320400,Census Tract 3204,Hanover County,Virginia,0
51085320500,Census Tract 3205,Hanover County,Virginia,0
51085320601,Census Tract 3206.01,Hanover County,Virginia,0
51085320602,Census Tract 3206.02,Hanover County,Virginia,0
51085320701,Census Tract 3207.01,Hanover County,Virginia,0
51085320702,Census Tract 3207.02,Hanover County,Virginia,0
51085320801,Census Tract 3208.01,Hanover County,Virginia,0
51085320803,Census Tract 3208.03,Hanover County,Virginia,0
51085320804,Census Tract 3208.04,Hanover County,Virginia,0
51085320805,Census Tract 3208.05,Hanover County,Virginia,0
51085320900,Census Tract 3209,Hanover County,Virginia,0
51085321001,Census Tract 3210.01,Hanover County,Virginia,0
51085321002,Census Tract 3210.02,Hanover County,Virginia,0
51085321100,Census Tract 3211,Hanover County,Virginia,0
51085321201,Census Tract 3212.01,Hanover County,Virginia,0
51085321202,Census Tract 3212.02,Hanover County,Virginia,1
51085321300,Census Tract 3213,Hanover County,Virginia,0
51085321401,Census Tract 3214.01,Hanover County,Virginia,0
51085321402,Census Tract 3214.02,Hanover County,Virginia,0
51085321403,Census Tract 3214.03,Hanover County,Virginia,0
51087200104,Census Tract 2001.04,Henrico County,Virginia,0
51087200105,Census Tract 2001.05,Henrico County,Virginia,0
51087200106,Census Tract 2001.06,Henrico County,Virginia,0
51087200107,Census Tract 2001.07,Henrico County,Virginia,0
51087200108,Census Tract 2001.08,Henrico County,Virginia,0
51087200109,Census Tract 2001.09,Henrico County,Virginia,0
51087200112,Census Tract 2001.12,Henrico County,Virginia,0
51087200116,Census Tract 2001.16,Henrico County,Virginia,0
51087200119,Census Tract 2001.19,Henrico County,Virginia,0
51087200120,Census Tract 2001.20,Henrico County,Virginia,0
51087200121,Census Tract 2001.21,Henrico County,Virginia,0
51087200122,Census Tract 2001.22,Henrico County,Virginia,0
51087200123,Census Tract 2001.23,Henrico County,Virginia,0
51087200124,Census Tract 2001.24,Henrico County,Virginia,0
51087200125,Census Tract 2001.25,Henrico County,Virginia,0
51087200126,Census Tract 2001.26,Henrico County,Virginia,0
51087200127,Census Tract 2001.27,Henrico County,Virginia,0
51087200128,Census Tract 2001.28,Henrico County,Virginia,0
51087200129,Census Tract 2001.29,Henrico County,Virginia,0
51087200130,Census Tract 2001.30,Henrico County,Virginia,0
51087200201,Census Tract 2002.01,Henrico County,Virginia,0
51087200202,Census Tract 2002.02,Henrico County,Virginia,0
51087200301,Census Tract 2003.01,Henrico County,Virginia,0
51087200302,Census Tract 2003.02,Henrico County,Virginia,0
51087200303,Census Tract 2003.03,Henrico County,Virginia,0
51087200305,Census Tract 2003.05,Henrico County,Virginia,0
51087200404,Census Tract 2004.04,Henrico County,Virginia,0
51087200406,Census Tract 2004.06,Henrico County,Virginia,0
51087200407,Census Tract 2004.07,Henrico County,Virginia,0
51087200409,Census Tract 2004.09,Henrico County,Virginia,0
51087200410,Census Tract 2004.10,Henrico County,Virginia,1
51087200411,Census Tract 2004.11,Henrico County,Virginia,0
51087200412,Census Tract 2004.12,Henrico County,Virginia,0
51087200413,Census Tract 2004.13,Henrico County,Virginia,0
51087200414,Census Tract 2004.14,Henrico County,Virginia,0
51087200501,Census Tract 2005.01,Henrico County,Virginia,0
51087200502,Census Tract 2005.02,Henrico County,Virginia,0
51087200503,Census Tract 2005.03,Henrico County,Virginia,0
51087200600,Census Tract 2006,Henrico County,Virginia,0
51087200700,Census Tract 2007,Henrico County,Virginia,1
51087200801,Census Tract 2008.01,Henrico County,Virginia,0
51087200802,Census Tract 2008.02,Henrico County,Virginia,0
51087200804,Census Tract 2008.04,Henrico County,Virginia,0
51087200805,Census Tract 2008.05,Henrico County,Virginia,1
51087200903,Census Tract 2009.03,Henrico County,Virginia,0
51087200904,Census Tract 2009.04,Henrico County,Virginia,0
51087200905,Census Tract 2009.05,Henrico County,Virginia,0
51087200906,Census Tract 2009.06,Henrico County,Virginia,0
51087201001,Census Tract 2010.01,Henrico County,Virginia,0
51087201002,Census Tract 2010.02,Henrico County,Virginia,0
51087201003,Census Tract 2010.03,Henrico County,Virginia,1
51087201101,Census Tract 2011.01,Henrico County,Virginia,1
51087201102,Census Tract 2011.02,Henrico County,Virginia,0
51087201201,Census Tract 2012.01,Henrico County,Virginia,0
51087201202,Census Tract 2012.02,Henrico County,Virginia,1
51087201401,Census Tract 2014.01,Henrico County,Virginia,0
51087201403,Census Tract 2014.03,Henrico County,Virginia,0
51087201404,Census Tract 2014.04,Henrico County,Virginia,0
51087201501,Census Tract 2015.01,Henrico County,Virginia,0
51087201502,Census Tract 2015.02,Henrico County,Virginia,0
51087201601,Census Tract 2016.01,Henrico County,Virginia,0
51087201602,Census Tract 2016.02,Henrico County,Virginia,0
51087201701,Census Tract 2017.01,Henrico County,Virginia,0
51089010100,Census Tract 101,Henry County,Virginia,1
51089010200,Census Tract 102,Henry County,Virginia,1
51089010300,Census Tract 103,Henry County,Virginia,0
51089010400,Census Tract 104,Henry County,Virginia,0
51089010500,Census Tract 105,Henry County,Virginia,0
51089010601,Census Tract 106.01,Henry County,Virginia,1
51089010602,Census Tract 106.02,Henry County,Virginia,0
51089010700,Census Tract 107,Henry County,Virginia,1
51089010800,Census Tract 108,Henry County,Virginia,0
51089010900,Census Tract 109,Henry County,Virginia,0
51089011000,Census Tract 110,Henry County,Virginia,1
51089011100,Census Tract 111,Henry County,Virginia,0
51089011200,Census Tract 112,Henry County,Virginia,1
51089011300,Census Tract 113,Henry County,Virginia,1
51093280101,Census Tract 2801.01,Isle Of Wight County,Virginia,0
51093280103,Census Tract 2801.03,Isle Of Wight County,Virginia,0
51093280104,Census Tract 2801.04,Isle Of Wight County,Virginia,0
51093280105,Census Tract 2801.05,Isle Of Wight County,Virginia,1
51093280106,Census Tract 2801.06,Isle Of Wight County,Virginia,0
51093280200,Census Tract 2802,Isle Of Wight County,Virginia,0
51093280300,Census Tract 2803,Isle Of Wight County,Virginia,0
51093280400,Census Tract 2804,Isle Of Wight County,Virginia,0
51095080101,Census Tract 801.01,James City County,Virginia,0
51095080102,Census Tract 801.02,James City County,Virginia,0
51095080202,Census Tract 802.02,James City County,Virginia,0
51095080203,Census Tract 802.03,James City County,Virginia,0
51095080205,Census Tract 802.05,James City County,Virginia,0
51095080206,Census Tract 802.06,James City County,Virginia,0
51095080301,Census Tract 803.01,James City County,Virginia,0
51095080303,Census Tract 803.03,James City County,Virginia,0
51095080304,Census Tract 803.04,James City County,Virginia,0
51095080401,Census Tract 804.01,James City County,Virginia,0
51095080402,Census Tract 804.02,James City County,Virginia,0
51097950400,Census Tract 9504,King And Queen County,Virginia,0
51097950500,Census Tract 9505,King And Queen County,Virginia,0
51099040100,Census Tract 401,King George County,Virginia,0
51099040200,Census Tract 402,King George County,Virginia,0
51099040300,Census Tract 403,King George County,Virginia,0
51099040400,Census Tract 404,King George County,Virginia,0
51099040500,Census Tract 405,King George County,Virginia,0
51101950101,Census Tract 9501.01,King William County,Virginia,0
51101950102,Census Tract 9501.02,King William County,Virginia,0
51101950200,Census Tract 9502,King William County,Virginia,0
51101950300,Census Tract 9503,King William County,Virginia,0
51103030100,Census Tract 301,Lancaster County,Virginia,0
51103030200,Census Tract 302,Lancaster County,Virginia,0
51103030300,Census Tract 303,Lancaster County,Virginia,0
51109950100,Census Tract 9501,Louisa County,Virginia,0
51109950201,Census Tract 9502.01,Louisa County,Virginia,1
51109950202,Census Tract 9502.02,Louisa County,Virginia,0
51109950300,Census Tract 9503,Louisa County,Virginia,0
51109950400,Census Tract 9504,Louisa County,Virginia,0
51109950500,Census Tract 9505,Louisa County,Virginia,0
51111930100,Census Tract 9301,Lunenburg County,Virginia,1
51111930200,Census Tract 9302,Lunenburg County,Virginia,0
51111930300,Census Tract 9303,Lunenburg County,Virginia,0
51115951300,Census Tract 9513,Mathews County,Virginia,0
51115951400,Census Tract 9514,Mathews County,Virginia,0
51117930101,Census Tract 9301.01,Mecklenburg County,Virginia,0
51117930102,Census Tract 9301.02,Mecklenburg County,Virginia,0
51117930200,Census Tract 9302,Mecklenburg County,Virginia,1
51117930300,Census Tract 9303,Mecklenburg County,Virginia,0
51117930400,Census Tract 9304,Mecklenburg County,Virginia,1
51117930500,Census Tract 9305,Mecklenburg County,Virginia,0
51117930600,Census Tract 9306,Mecklenburg County,Virginia,0
51117930700,Census Tract 9307,Mecklenburg County,Virginia,1
51117930800,Census Tract 9308,Mecklenburg County,Virginia,0
51119950900,Census Tract 9509,Middlesex County,Virginia,0
51119951000,Census Tract 9510,Middlesex County,Virginia,0
51119951100,Census Tract 9511,Middlesex County,Virginia,0
51119951200,Census Tract 9512,Middlesex County,Virginia,0
51127700100,Census Tract 7001,New Kent County,Virginia,0
51127700200,Census Tract 7002,New Kent County,Virginia,0
51127700300,Census Tract 7003,New Kent County,Virginia,0
51131930100,Census Tract 9301,Northampton County,Virginia,1
51131930200,Census Tract 9302,Northampton County,Virginia,0
51131930300,Census Tract 9303,Northampton County,Virginia,1
51133020100,Census Tract 201,Northumberland County,Virginia,1
51133020200,Census Tract 202,Northumberland County,Virginia,0
51133020300,Census Tract 203,Northumberland County,Virginia,0
51135000100,Census Tract 1,Nottoway County,Virginia,1
51135000200,Census Tract 2,Nottoway County,Virginia,0
51135000300,Census Tract 3,Nottoway County,Virginia,1
51135980100,Census Tract 9801,Nottoway County,Virginia,0
51143010100,Census Tract 101,Pittsylvania County,Virginia,0
51143010200,Census Tract 102,Pittsylvania County,Virginia,0
51143010300,Census Tract 103,Pittsylvania County,Virginia,0
51143010400,Census Tract 104,Pittsylvania County,Virginia,0
51143010500,Census Tract 105,Pittsylvania County,Virginia,0
51143010600,Census Tract 106,Pittsylvania County,Virginia,0
51143010700,Census Tract 107,Pittsylvania County,Virginia,0
51143010801,Census Tract 108.01,Pittsylvania County,Virginia,0
51143010802,Census Tract 108.02,Pittsylvania County,Virginia,0
51143010900,Census Tract 109,Pittsylvania County,Virginia,0
51143011001,Census Tract 110.01,Pittsylvania County,Virginia,0
51143011002,Census Tract 110.02,Pittsylvania County,Virginia,0
51143011100,Census Tract 111,Pittsylvania County,Virginia,0
51143011200,Census Tract 112,Pittsylvania County,Virginia,0
51143011300,Census Tract 113,Pittsylvania County,Virginia,1
51143011400,Census Tract 114,Pittsylvania County,Virginia,1
51145500101,Census Tract 5001.01,Powhatan County,Virginia,0
51145500102,Census Tract 5001.02,Powhatan County,Virginia,0
51145500200,Census Tract 5002,Powhatan County,Virginia,0
51145500300,Census Tract 5003,Powhatan County,Virginia,0
51145500400,Census Tract 5004,Powhatan County,Virginia,0
51147930100,Census Tract 9301,Prince Edward County,Virginia,1
51147930201,Census Tract 9302.01,Prince Edward County,Virginia,0
51147930202,Census Tract 9302.02,Prince Edward County,Virginia,0
51147930203,Census Tract 9302.03,Prince Edward County,Virginia,0
51147930300,Census Tract 9303,Prince Edward County,Virginia,1
51149850100,Census Tract 8501,Prince George County,Virginia,0
51149850200,Census Tract 8502,Prince George County,Virginia,0
51149850301,Census Tract 8503.01,Prince George County,Virginia,0
51149850302,Census Tract 8503.02,Prince George County,Virginia,0
51149850400,Census Tract 8504,Prince George County,Virginia,0
51149850501,Census Tract 8505.01,Prince George County,Virginia,0
51149850502,Census Tract 8505.02,Prince George County,Virginia,0
51159040100,Census Tract 401,Richmond County,Virginia,1
51159040200,Census Tract 402,Richmond County,Virginia,0
51175200100,Census Tract 2001,Southampton County,Virginia,0
51175200200,Census Tract 2002,Southampton County,Virginia,0
51175200300,Census Tract 2003,Southampton County,Virginia,0
51175200400,Census Tract 2004,Southampton County,Virginia,1
51175200500,Census Tract 2005,Southampton County,Virginia,0
51177020104,Census Tract 201.04,Spotsylvania County,Virginia,0
51177020105,Census Tract 201.05,Spotsylvania County,Virginia,0
51177020106,Census Tract 201.06,Spotsylvania County,Virginia,0
51177020107,Census Tract 201.07,Spotsylvania County,Virginia,0
51177020108,Census Tract 201.08,Spotsylvania County,Virginia,0
51177020109,Census Tract 201.09,Spotsylvania County,Virginia,1
51177020110,Census Tract 201.10,Spotsylvania County,Virginia,0
51177020111,Census Tract 201.11,Spotsylvania County,Virginia,0
51177020112,Census Tract 201.12,Spotsylvania County,Virginia,0
51177020113,Census Tract 201.13,Spotsylvania County,Virginia,0
51177020114,Census Tract 201.14,Spotsylvania County,Virginia,0
51177020201,Census Tract 202.01,Spotsylvania County,Virginia,0
51177020202,Census Tract 202.02,Spotsylvania County,Virginia,0
51177020203,Census Tract 202.03,Spotsylvania County,Virginia,0
51177020204,Census Tract 202.04,Spotsylvania County,Virginia,0
51177020205,Census Tract 202.05,Spotsylvania County,Virginia,0
51177020304,Census Tract 203.04,Spotsylvania County,Virginia,0
51177020305,Census Tract 203.05,Spotsylvania County,Virginia,0
51177020306,Census Tract 203.06,Spotsylvania County,Virginia,0
51177020307,Census Tract 203.07,Spotsylvania County,Virginia,0
51177020308,Census Tract 203.08,Spotsylvania County,Virginia,0
51177020309,Census Tract 203.09,Spotsylvania County,Virginia,0
51177020310,Census Tract 203.10,Spotsylvania County,Virginia,0
51177020311,Census Tract 203.11,Spotsylvania County,Virginia,0
51177020403,Census Tract 204.03,Spotsylvania County,Virginia,0
51177020404,Census Tract 204.04,Spotsylvania County,Virginia,0
51177020405,Census Tract 204.05,Spotsylvania County,Virginia,0
51177020406,Census Tract 204.06,Spotsylvania County,Virginia,0
51177020407,Census Tract 204.07,Spotsylvania County,Virginia,0
51177020408,Census Tract 204.08,Spotsylvania County,Virginia,0
51179010103,Census Tract 101.03,Stafford County,Virginia,0
51179010105,Census Tract 101.05,Stafford County,Virginia,0
51179010106,Census Tract 101.06,Stafford County,Virginia,0
51179010107,Census Tract 101.07,Stafford County,Virginia,0
51179010108,Census Tract 101.08,Stafford County,Virginia,0
51179010201,Census Tract 102.01,Stafford County,Virginia,0
51179010202,Census Tract 102.02,Stafford County,Virginia,0
51179010204,Census Tract 102.04,Stafford County,Virginia,0
51179010205,Census Tract 102.05,Stafford County,Virginia,0
51179010206,Census Tract 102.06,Stafford County,Virginia,0
51179010207,Census Tract 102.07,Stafford County,Virginia,0
51179010210,Census Tract 102.10,Stafford County,Virginia,0
51179010211,Census Tract 102.11,Stafford County,Virginia,0
51179010212,Census Tract 102.12,Stafford County,Virginia,0
51179010213,Census Tract 102.13,Stafford County,Virginia,0
51179010214,Census Tract 102.14,Stafford County,Virginia,0
51179010301,Census Tract 103.01,Stafford County,Virginia,0
51179010303,Census Tract 103.03,Stafford County,Virginia,0
51179010304,Census Tract 103.04,Stafford County,Virginia,0
51179010305,Census Tract 103.05,Stafford County,Virginia,0
51179010403,Census Tract 104.03,Stafford County,Virginia,0
51179010404,Census Tract 104.04,Stafford County,Virginia,0
51179010405,Census Tract 104.05,Stafford County,Virginia,0
51179010406,Census Tract 104.06,Stafford County,Virginia,0
51179010502,Census Tract 105.02,Stafford County,Virginia,0
51179010503,Census Tract 105.03,Stafford County,Virginia,0
51179010504,Census Tract 105.04,Stafford County,Virginia,0
51181860100,Census Tract 8601,Surry County,Virginia,1
51181860200,Census Tract 8602,Surry County,Virginia,0
51183870100,Census Tract 8701,Sussex County,Virginia,0
51183870201,Census Tract 8702.01,Sussex County,Virginia,0
51183870202,Census Tract 8702.02,Sussex County,Virginia,0
51183870300,Census Tract 8703,Sussex County,Virginia,1
51183870400,Census Tract 8704,Sussex County,Virginia,0
51193010100,Census Tract 101,Westmoreland County,Virginia,0
51193010200,Census Tract 102,Westmoreland County,Virginia,0
51193010300,Census Tract 103,Westmoreland County,Virginia,0
51193010400,Census Tract 104,Westmoreland County,Virginia,0
51199050203,Census Tract 502.03,York County,Virginia,0
51199050204,Census Tract 502.04,York County,Virginia,0
51199050205,Census Tract 502.05,York County,Virginia,0
51199050206,Census Tract 502.06,York County,Virginia,0
51199050303,Census Tract 503.03,York County,Virginia,0
51199050304,Census Tract 503.04,York County,Virginia,0
51199050305,Census Tract 503.05,York County,Virginia,0
51199050306,Census Tract 503.06,York County,Virginia,0
51199050401,Census Tract 504.01,York County,Virginia,0
51199050402,Census Tract 504.02,York County,Virginia,0
51199050500,Census Tract 505,York County,Virginia,0
51199050900,Census Tract 509,York County,Virginia,0
51199051000,Census Tract 510,York County,Virginia,0
51199051100,Census Tract 511,York County,Virginia,0
51550020001,Census Tract 200.01,Chesapeake City,Virginia,0
51550020002,Census Tract 200.02,Chesapeake City,Virginia,1
51550020003,Census Tract 200.03,Chesapeake City,Virginia,0
51550020100,Census Tract 201,Chesapeake City,Virginia,1
51550020200,Census Tract 202,Chesapeake City,Virginia,1
51550020300,Census Tract 203,Chesapeake City,Virginia,0
51550020400,Census Tract 204,Chesapeake City,Virginia,0
51550020500,Census Tract 205,Chesapeake City,Virginia,0
51550020600,Census Tract 206,Chesapeake City,Virginia,0
51550020700,Census Tract 207,Chesapeake City,Virginia,0
51550020804,Census Tract 208.04,Chesapeake City,Virginia,0
51550020805,Census Tract 208.05,Chesapeake City,Virginia,0
51550020806,Census Tract 208.06,Chesapeake City,Virginia,0
51550020807,Census Tract 208.07,Chesapeake City,Virginia,0
51550020808,Census Tract 208.08,Chesapeake City,Virginia,0
51550020809,Census Tract 208.09,Chesapeake City,Virginia,0
51550020903,Census Tract 209.03,Chesapeake City,Virginia,0
51550020904,Census Tract 209.04,Chesapeake City,Virginia,0
51550020905,Census Tract 209.05,Chesapeake City,Virginia,0
51550020906,Census Tract 209.06,Chesapeake City,Virginia,0
51550021004,Census Tract 210.04,Chesapeake City,Virginia,0
51550021005,Census Tract 210.05,Chesapeake City,Virginia,0
51550021006,Census Tract 210.06,Chesapeake City,Virginia,0
51550021009,Census Tract 210.09,Chesapeake City,Virginia,0
51550021010,Census Tract 210.10,Chesapeake City,Virginia,0
51550021011,Census Tract 210.11,Chesapeake City,Virginia,0
51550021012,Census Tract 210.12,Chesapeake City,Virginia,0
51550021013,Census Tract 210.13,Chesapeake City,Virginia,0
51550021101,Census Tract 211.01,Chesapeake City,Virginia,0
51550021102,Census Tract 211.02,Chesapeake City,Virginia,0
51550021200,Census Tract 212,Chesapeake City,Virginia,0
51550021301,Census Tract 213.01,Chesapeake City,Virginia,0
51550021302,Census Tract 213.02,Chesapeake City,Virginia,0
51550021401,Census Tract 214.01,Chesapeake City,Virginia,0
51550021402,Census Tract 214.02,Chesapeake City,Virginia,0
51550021403,Census Tract 214.03,Chesapeake City,Virginia,1
51550021404,Census Tract 214.04,Chesapeake City,Virginia,0
51550021501,Census Tract 215.01,Chesapeake City,Virginia,0
51550021502,Census Tract 215.02,Chesapeake City,Virginia,0
51550021601,Census Tract 216.01,Chesapeake City,Virginia,0
51550021602,Census Tract 216.02,Chesapeake City,Virginia,0
51570830100,Census Tract 8301,Colonial Heights City,Virginia,0
51570830200,Census Tract 8302,Colonial Heights City,Virginia,0
51570830300,Census Tract 8303,Colonial Heights City,Virginia,0
51570830400,Census Tract 8304,Colonial Heights City,Virginia,1
51570830500,Census Tract 8305,Colonial Heights City,Virginia,0
51590000100,Census Tract 1,Danville City,Virginia,0
51590000200,Census Tract 2,Danville City,Virginia,0
51590000300,Census Tract 3,Danville City,Virginia,1
51590000400,Census Tract 4,Danville City,Virginia,1
51590000500,Census Tract 5,Danville City,Virginia,0
51590000600,Census Tract 6,Danville City,Virginia,0
51590000700,Census Tract 7,Danville City,Virginia,0
51590000800,Census Tract 8,Danville City,Virginia,0
51590000900,Census Tract 9,Danville City,Virginia,1
51590001000,Census Tract 10,Danville City,Virginia,1
51590001100,Census Tract 11,Danville City,Virginia,1
51590001200,Census Tract 12,Danville City,Virginia,0
51590001301,Census Tract 13.01,Danville City,Virginia,0
51590001302,Census Tract 13.02,Danville City,Virginia,0
51590001400,Census Tract 14,Danville City,Virginia,0
51590980100,Census Tract 9801,Danville City,Virginia,0
51595890100,Census Tract 8901,Emporia City,Virginia,0
51595890200,Census Tract 8902,Emporia City,Virginia,1
51620090100,Census Tract 901,Franklin City,Virginia,0
51620090200,Census Tract 902,Franklin City,Virginia,1
51630000100,Census Tract 1,Fredericksburg City,Virginia,0
51630000200,Census Tract 2,Fredericksburg City,Virginia,1
51630000301,Census Tract 3.01,Fredericksburg City,Virginia,0
51630000302,Census Tract 3.02,Fredericksburg City,Virginia,0
51630000400,Census Tract 4,Fredericksburg City,Virginia,1
51630000500,Census Tract 5,Fredericksburg City,Virginia,0
51650010103,Census Tract 101.03,Hampton City,Virginia,0
51650010104,Census Tract 101.04,Hampton City,Virginia,0
51650010200,Census Tract 102,Hampton City,Virginia,0
51650010304,Census Tract 103.04,Hampton City,Virginia,0
51650010306,Census Tract 103.06,Hampton City,Virginia,0
51650010307,Census Tract 103.07,Hampton City,Virginia,0
51650010309,Census Tract 103.09,Hampton City,Virginia,0
51650010310,Census Tract 103.10,Hampton City,Virginia,0
51650010311,Census Tract 103.11,Hampton City,Virginia,0
51650010312,Census Tract 103.12,Hampton City,Virginia,0
51650010313,Census Tract 103.13,Hampton City,Virginia,1
51650010314,Census Tract 103.14,Hampton City,Virginia,0
51650010400,Census Tract 104,Hampton City,Virginia,1
51650010501,Census Tract 105.01,Hampton City,Virginia,1
51650010502,Census Tract 105.02,Hampton City,Virginia,1
51650010601,Census Tract 106.01,Hampton City,Virginia,1
51650010602,Census Tract 106.02,Hampton City,Virginia,0
51650010701,Census Tract 107.01,Hampton City,Virginia,0
51650010702,Census Tract 107.02,Hampton City,Virginia,0
51650010703,Census Tract 107.03,Hampton City,Virginia,0
51650010800,Census Tract 108,Hampton City,Virginia,0
51650010900,Census Tract 109,Hampton City,Virginia,0
51650011000,Census Tract 110,Hampton City,Virginia,1
51650011100,Census Tract 111,Hampton City,Virginia,0
51650011200,Census Tract 112,Hampton City,Virginia,0
51650011300,Census Tract 113,Hampton City,Virginia,0
51650011400,Census Tract 114,Hampton City,Virginia,0
51650011500,Census Tract 115,Hampton City,Virginia,0
51650011600,Census Tract 116,Hampton City,Virginia,0
51650011800,Census Tract 118,Hampton City,Virginia,1
51650011900,Census Tract 119,Hampton City,Virginia,1
51650012000,Census Tract 120,Hampton City,Virginia,0
51650012100,Census Tract 121,Hampton City,Virginia,0
51670820100,Census Tract 8201,Hopewell City,Virginia,0
51670820300,Census Tract 8203,Hopewell City,Virginia,0
51670820400,Census Tract 8204,Hopewell City,Virginia,0
51670820500,Census Tract 8205,Hopewell City,Virginia,1
51670820600,Census Tract 8206,Hopewell City,Virginia,1
51670820700,Census Tract 8207,Hopewell City,Virginia,0
51680000100,Census Tract 1,Lynchburg City,Virginia,0
51680000201,Census Tract 2.01,Lynchburg City,Virginia,0
51680000202,Census Tract 2.02,Lynchburg City,Virginia,1
51680000203,Census Tract 2.03,Lynchburg City,Virginia,0
51680000300,Census Tract 3,Lynchburg City,Virginia,1
51680000400,Census Tract 4,Lynchburg City,Virginia,1
51680000500,Census Tract 5,Lynchburg City,Virginia,0
51680000600,Census Tract 6,Lynchburg City,Virginia,1
51680000700,Census Tract 7,Lynchburg City,Virginia,1
51680000801,Census Tract 8.01,Lynchburg City,Virginia,0
51680000802,Census Tract 8.02,Lynchburg City,Virginia,0
51680000900,Census Tract 9,Lynchburg City,Virginia,1
51680001000,Census Tract 10,Lynchburg City,Virginia,0
51680001100,Census Tract 11,Lynchburg City,Virginia,1
51680001400,Census Tract 14,Lynchburg City,Virginia,0
51680001600,Census Tract 16,Lynchburg City,Virginia,1
51680001700,Census Tract 17,Lynchburg City,Virginia,0
51680001800,Census Tract 18,Lynchburg City,Virginia,0
51680001900,Census Tract 19,Lynchburg City,Virginia,1
51690000100,Census Tract 1,Martinsville City,Virginia,1
51690000200,Census Tract 2,Martinsville City,Virginia,1
51690000300,Census Tract 3,Martinsville City,Virginia,0
51690000400,Census Tract 4,Martinsville City,Virginia,1
51690000500,Census Tract 5,Martinsville City,Virginia,0
51700030100,Census Tract 301,Newport News City,Virginia,1
51700030300,Census Tract 303,Newport News City,Virginia,1
51700030400,Census Tract 304,Newport News City,Virginia,0
51700030500,Census Tract 305,Newport News City,Virginia,0
51700030600,Census Tract 306,Newport News City,Virginia,0
51700030800,Census Tract 308,Newport News City,Virginia,0
51700030900,Census Tract 309,Newport News City,Virginia,0
51700031100,Census Tract 311,Newport News City,Virginia,1
51700031200,Census Tract 312,Newport News City,Virginia,0
51700031300,Census Tract 313,Newport News City,Virginia,1
51700031400,Census Tract 314,Newport News City,Virginia,1
51700031500,Census Tract 315,Newport News City,Virginia,0
51700031601,Census Tract 316.01,Newport News City,Virginia,0
51700031602,Census Tract 316.02,Newport News City,Virginia,0
51700031701,Census Tract 317.01,Newport News City,Virginia,0
51700031702,Census Tract 317.02,Newport News City,Virginia,0
51700031800,Census Tract 318,Newport News City,Virginia,0
51700031901,Census Tract 319.01,Newport News City,Virginia,0
51700031902,Census Tract 319.02,Newport News City,Virginia,0
51700032001,Census Tract 320.01,Newport News City,Virginia,0
51700032002,Census Tract 320.02,Newport News City,Virginia,0
51700032005,Census Tract 320.05,Newport News City,Virginia,0
51700032006,Census Tract 320.06,Newport News City,Virginia,0
51700032007,Census Tract 320.07,Newport News City,Virginia,0
51700032113,Census Tract 321.13,Newport News City,Virginia,1
51700032114,Census Tract 321.14,Newport News City,Virginia,0
51700032117,Census Tract 321.17,Newport News City,Virginia,1
51700032123,Census Tract 321.23,Newport News City,Virginia,1
51700032124,Census Tract 321.24,Newport News City,Virginia,0
51700032126,Census Tract 321.26,Newport News City,Virginia,0
51700032127,Census Tract 321.27,Newport News City,Virginia,0
51700032128,Census Tract 321.28,Newport News City,Virginia,1
51700032129,Census Tract 321.29,Newport News City,Virginia,0
51700032130,Census Tract 321.30,Newport News City,Virginia,0
51700032131,Census Tract 321.31,Newport News City,Virginia,0
51700032132,Census Tract 321.32,Newport News City,Virginia,0
51700032211,Census Tract 322.11,Newport News City,Virginia,0
51700032212,Census Tract 322.12,Newport News City,Virginia,0
51700032223,Census Tract 322.23,Newport News City,Virginia,1
51700032224,Census Tract 322.24,Newport News City,Virginia,0
51700032225,Census Tract 322.25,Newport News City,Virginia,1
51700032226,Census Tract 322.26,Newport News City,Virginia,0
51700032300,Census Tract 323,Newport News City,Virginia,0
51700032400,Census Tract 324,Newport News City,Virginia,0
51710000100,Census Tract 1,Norfolk City,Virginia,0
51710000201,Census Tract 2.01,Norfolk City,Virginia,0
51710000202,Census Tract 2.02,Norfolk City,Virginia,0
51710000300,Census Tract 3,Norfolk City,Virginia,0
51710000400,Census Tract 4,Norfolk City,Virginia,1
51710000500,Census Tract 5,Norfolk City,Virginia,0
51710000600,Census Tract 6,Norfolk City,Virginia,1
51710000700,Census Tract 7,Norfolk City,Virginia,0
51710000800,Census Tract 8,Norfolk City,Virginia,0
51710000901,Census Tract 9.01,Norfolk City,Virginia,0
51710000902,Census Tract 9.02,Norfolk City,Virginia,0
51710001100,Census Tract 11,Norfolk City,Virginia,0
51710001200,Census Tract 12,Norfolk City,Virginia,0
51710001300,Census Tract 13,Norfolk City,Virginia,0
51710001400,Census Tract 14,Norfolk City,Virginia,0
51710001500,Census Tract 15,Norfolk City,Virginia,0
51710001600,Census Tract 16,Norfolk City,Virginia,1
51710001700,Census Tract 17,Norfolk City,Virginia,0
51710002000,Census Tract 20,Norfolk City,Virginia,0
51710002100,Census Tract 21,Norfolk City,Virginia,0
51710002200,Census Tract 22,Norfolk City,Virginia,0
51710002300,Census Tract 23,Norfolk City,Virginia,0
51710002400,Census Tract 24,Norfolk City,Virginia,0
51710002500,Census Tract 25,Norfolk City,Virginia,1
51710002600,Census Tract 26,Norfolk City,Virginia,1
51710002700,Census Tract 27,Norfolk City,Virginia,0
51710002800,Census Tract 28,Norfolk City,Virginia,0
51710002900,Census Tract 29,Norfolk City,Virginia,1
51710003000,Census Tract 30,Norfolk City,Virginia,0
51710003100,Census Tract 31,Norfolk City,Virginia,1
51710003200,Census Tract 32,Norfolk City,Virginia,0
51710003300,Census Tract 33,Norfolk City,Virginia,0
51710003400,Census Tract 34,Norfolk City,Virginia,1
51710003501,Census Tract 35.01,Norfolk City,Virginia,1
51710003600,Census Tract 36,Norfolk City,Virginia,0
51710003700,Census Tract 37,Norfolk City,Virginia,0
51710003800,Census Tract 38,Norfolk City,Virginia,0
51710004001,Census Tract 40.01,Norfolk City,Virginia,0
51710004002,Census Tract 40.02,Norfolk City,Virginia,0
51710004100,Census Tract 41,Norfolk City,Virginia,0
51710004200,Census Tract 42,Norfolk City,Virginia,0
51710004300,Census Tract 43,Norfolk City,Virginia,1
51710004400,Census Tract 44,Norfolk City,Virginia,0
51710004500,Census Tract 45,Norfolk City,Virginia,1
51710004600,Census Tract 46,Norfolk City,Virginia,1
51710004700,Census Tract 47,Norfolk City,Virginia,0
51710004800,Census Tract 48,Norfolk City,Virginia,0
51710004900,Census Tract 49,Norfolk City,Virginia,0
51710005000,Census Tract 50,Norfolk City,Virginia,1
51710005100,Census Tract 51,Norfolk City,Virginia,1
51710005500,Census Tract 55,Norfolk City,Virginia,0
51710005601,Census Tract 56.01,Norfolk City,Virginia,0
51710005602,Census Tract 56.02,Norfolk City,Virginia,0
51710005701,Census Tract 57.01,Norfolk City,Virginia,0
51710005702,Census Tract 57.02,Norfolk City,Virginia,0
51710005800,Census Tract 58,Norfolk City,Virginia,1
51710005901,Census Tract 59.01,Norfolk City,Virginia,0
51710005902,Census Tract 59.02,Norfolk City,Virginia,0
51710005903,Census Tract 59.03,Norfolk City,Virginia,0
51710006000,Census Tract 60,Norfolk City,Virginia,1
51710006100,Census Tract 61,Norfolk City,Virginia,1
51710006200,Census Tract 62,Norfolk City,Virginia,0
51710006400,Census Tract 64,Norfolk City,Virginia,0
51710006501,Census Tract 65.01,Norfolk City,Virginia,0
51710006502,Census Tract 65.02,Norfolk City,Virginia,1
51710006601,Census Tract 66.01,Norfolk City,Virginia,0
51710006602,Census Tract 66.02,Norfolk City,Virginia,0
51710006603,Census Tract 66.03,Norfolk City,Virginia,0
51710006604,Census Tract 66.04,Norfolk City,Virginia,0
51710006605,Census Tract 66.05,Norfolk City,Virginia,0
51710006606,Census Tract 66.06,Norfolk City,Virginia,0
51710006607,Census Tract 66.07,Norfolk City,Virginia,0
51710006800,Census Tract 68,Norfolk City,Virginia,0
51710006901,Census Tract 69.01,Norfolk City,Virginia,1
51710006902,Census Tract 69.02,Norfolk City,Virginia,0
51710007001,Census Tract 70.01,Norfolk City,Virginia,0
51710007002,Census Tract 70.02,Norfolk City,Virginia,0
51710980200,Census Tract 9802,Norfolk City,Virginia,0
51710980300,Census Tract 9803,Norfolk City,Virginia,0
51730810100,Census Tract 8101,Petersburg City,Virginia,1
51730810300,Census Tract 8103,Petersburg City,Virginia,0
51730810400,Census Tract 8104,Petersburg City,Virginia,1
51730810500,Census Tract 8105,Petersburg City,Virginia,1
51730810600,Census Tract 8106,Petersburg City,Virginia,1
51730810700,Census Tract 8107,Petersburg City,Virginia,1
51730810900,Census Tract 8109,Petersburg City,Virginia,1
51730811000,Census Tract 8110,Petersburg City,Virginia,1
51730811100,Census Tract 8111,Petersburg City,Virginia,0
51730811200,Census Tract 8112,Petersburg City,Virginia,0
51730811300,Census Tract 8113,Petersburg City,Virginia,1
51735340100,Census Tract 3401,Poquoson City,Virginia,0
51735340200,Census Tract 3402,Poquoson City,Virginia,0
51735340300,Census Tract 3403,Poquoson City,Virginia,0
51740210200,Census Tract 2102,Portsmouth City,Virginia,0
51740210300,Census Tract 2103,Portsmouth City,Virginia,0
51740210400,Census Tract 2104,Portsmouth City,Virginia,0
51740210500,Census Tract 2105,Portsmouth City,Virginia,0
51740210600,Census Tract 2106,Portsmouth City,Virginia,0
51740210900,Census Tract 2109,Portsmouth City,Virginia,0
51740211100,Census Tract 2111,Portsmouth City,Virginia,0
51740211400,Census Tract 2114,Portsmouth City,Virginia,0
51740211500,Census Tract 2115,Portsmouth City,Virginia,0
51740211600,Census Tract 2116,Portsmouth City,Virginia,1
51740211700,Census Tract 2117,Portsmouth City,Virginia,1
51740211800,Census Tract 2118,Portsmouth City,Virginia,1
51740211900,Census Tract 2119,Portsmouth City,Virginia,0
51740212000,Census Tract 2120,Portsmouth City,Virginia,1
51740212100,Census Tract 2121,Portsmouth City,Virginia,1
51740212300,Census Tract 2123,Portsmouth City,Virginia,0
51740212400,Census Tract 2124,Portsmouth City,Virginia,0
51740212500,Census Tract 2125,Portsmouth City,Virginia,0
51740212600,Census Tract 2126,Portsmouth City,Virginia,0
51740212701,Census Tract 2127.01,Portsmouth City,Virginia,0
51740212702,Census Tract 2127.02,Portsmouth City,Virginia,1
51740212801,Census Tract 2128.01,Portsmouth City,Virginia,0
51740212802,Census Tract 2128.02,Portsmouth City,Virginia,0
51740212900,Census Tract 2129,Portsmouth City,Virginia,0
51740213001,Census Tract 2130.01,Portsmouth City,Virginia,0
51740213002,Census Tract 2130.02,Portsmouth City,Virginia,0
51740213101,Census Tract 2131.01,Portsmouth City,Virginia,0
51740213103,Census Tract 2131.03,Portsmouth City,Virginia,0
51740213104,Census Tract 2131.04,Portsmouth City,Virginia,0
51740213200,Census Tract 2132,Portsmouth City,Virginia,0
51740980100,Census Tract 9801,Portsmouth City,Virginia,0
51760010200,Census Tract 102,Richmond City,Virginia,0
51760010300,Census Tract 103,Richmond City,Virginia,1
51760010401,Census Tract 104.01,Richmond City,Virginia,0
51760010402,Census Tract 104.02,Richmond City,Virginia,0
51760010500,Census Tract 105,Richmond City,Virginia,0
51760010600,Census Tract 106,Richmond City,Virginia,0
51760010700,Census Tract 107,Richmond City,Virginia,1
51760010800,Census Tract 108,Richmond City,Virginia,1
51760010900,Census Tract 109,Richmond City,Virginia,1
51760011000,Census Tract 110,Richmond City,Virginia,1
51760011100,Census Tract 111,Richmond City,Virginia,0
51760020100,Census Tract 201,Richmond City,Virginia,0
51760020200,Census Tract 202,Richmond City,Virginia,1
51760020300,Census Tract 203,Richmond City,Virginia,0
51760020400,Census Tract 204,Richmond City,Virginia,1
51760020500,Census Tract 205,Richmond City,Virginia,0
51760020600,Census Tract 206,Richmond City,Virginia,0
51760020700,Census Tract 207,Richmond City,Virginia,0
51760020800,Census Tract 208,Richmond City,Virginia,0
51760020900,Census Tract 209,Richmond City,Virginia,0
51760021000,Census Tract 210,Richmond City,Virginia,1
51760021100,Census Tract 211,Richmond City,Virginia,0
51760021200,Census Tract 212,Richmond City,Virginia,0
51760030100,Census Tract 301,Richmond City,Virginia,1
51760030200,Census Tract 302,Richmond City,Virginia,1
51760030500,Census Tract 305,Richmond City,Virginia,1
51760040200,Census Tract 402,Richmond City,Virginia,0
51760040300,Census Tract 403,Richmond City,Virginia,1
51760040400,Census Tract 404,Richmond City,Virginia,0
51760040500,Census Tract 405,Richmond City,Virginia,0
51760040600,Census Tract 406,Richmond City,Virginia,0
51760040700,Census Tract 407,Richmond City,Virginia,0
51760040800,Census Tract 408,Richmond City,Virginia,0
51760040900,Census Tract 409,Richmond City,Virginia,0
51760041000,Census Tract 410,Richmond City,Virginia,0
51760041100,Census Tract 411,Richmond City,Virginia,0
51760041200,Census Tract 412,Richmond City,Virginia,0
51760041300,Census Tract 413,Richmond City,Virginia,1
51760041400,Census Tract 414,Richmond City,Virginia,1
51760041600,Census Tract 416,Richmond City,Virginia,0
51760050100,Census Tract 501,Richmond City,Virginia,0
51760050200,Census Tract 502,Richmond City,Virginia,0
51760050300,Census Tract 503,Richmond City,Virginia,0
51760050400,Census Tract 504,Richmond City,Virginia,0
51760050500,Census Tract 505,Richmond City,Virginia,0
51760050600,Census Tract 506,Richmond City,Virginia,0
51760060200,Census Tract 602,Richmond City,Virginia,0
51760060400,Census Tract 604,Richmond City,Virginia,1
51760060500,Census Tract 605,Richmond City,Virginia,1
51760060600,Census Tract 606,Richmond City,Virginia,0
51760060700,Census Tract 607,Richmond City,Virginia,1
51760060800,Census Tract 608,Richmond City,Virginia,1
51760060900,Census Tract 609,Richmond City,Virginia,0
51760061000,Census Tract 610,Richmond City,Virginia,1
51760070100,Census Tract 701,Richmond City,Virginia,0
51760070300,Census Tract 703,Richmond City,Virginia,0
51760070400,Census Tract 704,Richmond City,Virginia,0
51760070601,Census Tract 706.01,Richmond City,Virginia,1
51760070602,Census Tract 706.02,Richmond City,Virginia,0
51760070700,Census Tract 707,Richmond City,Virginia,1
51760070801,Census Tract 708.01,Richmond City,Virginia,1
51760070802,Census Tract 708.02,Richmond City,Virginia,0
51760070900,Census Tract 709,Richmond City,Virginia,1
51760071001,Census Tract 710.01,Richmond City,Virginia,1
51760071002,Census Tract 710.02,Richmond City,Virginia,0
51760071100,Census Tract 711,Richmond City,Virginia,0
51800065100,Census Tract 651,Suffolk City,Virginia,1
51800065200,Census Tract 652,Suffolk City,Virginia,0
51800065300,Census Tract 653,Suffolk City,Virginia,1
51800065400,Census Tract 654,Suffolk City,Virginia,0
51800065500,Census Tract 655,Suffolk City,Virginia,1
51800075101,Census Tract 751.01,Suffolk City,Virginia,0
51800075102,Census Tract 751.02,Suffolk City,Virginia,0
51800075201,Census Tract 752.01,Suffolk City,Virginia,0
51800075202,Census Tract 752.02,Suffolk City,Virginia,0
51800075203,Census Tract 752.03,Suffolk City,Virginia,0
51800075204,Census Tract 752.04,Suffolk City,Virginia,0
51800075301,Census Tract 753.01,Suffolk City,Virginia,0
51800075302,Census Tract 753.02,Suffolk City,Virginia,0
51800075401,Census Tract 754.01,Suffolk City,Virginia,0
51800075402,Census Tract 754.02,Suffolk City,Virginia,0
51800075403,Census Tract 754.03,Suffolk City,Virginia,0
51800075404,Census Tract 754.04,Suffolk City,Virginia,0
51800075405,Census Tract 754.05,Suffolk City,Virginia,0
51800075501,Census Tract 755.01,Suffolk City,Virginia,1
51800075502,Census Tract 755.02,Suffolk City,Virginia,0
51800075601,Census Tract 756.01,Suffolk City,Virginia,1
51800075602,Census Tract 756.02,Suffolk City,Virginia,0
51800075701,Census Tract 757.01,Suffolk City,Virginia,0
51800075702,Census Tract 757.02,Suffolk City,Virginia,0
51800075703,Census Tract 757.03,Suffolk City,Virginia,0
51800075801,Census Tract 758.01,Suffolk City,Virginia,0
51800075802,Census Tract 758.02,Suffolk City,Virginia,0
51800075803,Census Tract 758.03,Suffolk City,Virginia,0
51810040000,Census Tract 400,Virginia Beach City,Virginia,0
51810040200,Census Tract 402,Virginia Beach City,Virginia,0
51810040402,Census Tract 404.02,Virginia Beach City,Virginia,0
51810040403,Census Tract 404.03,Virginia Beach City,Virginia,1
51810040404,Census Tract 404.04,Virginia Beach City,Virginia,0
51810040600,Census Tract 406,Virginia Beach City,Virginia,0
51810040801,Census Tract 408.01,Virginia Beach City,Virginia,0
51810040802,Census Tract 408.02,Virginia Beach City,Virginia,0
51810041002,Census Tract 410.02,Virginia Beach City,Virginia,0
51810041003,Census Tract 410.03,Virginia Beach City,Virginia,0
51810041004,Census Tract 410.04,Virginia Beach City,Virginia,0
51810041200,Census Tract 412,Virginia Beach City,Virginia,0
51810041400,Census Tract 414,Virginia Beach City,Virginia,0
51810041600,Census Tract 416,Virginia Beach City,Virginia,0
51810041801,Census Tract 418.01,Virginia Beach City,Virginia,0
51810041802,Census Tract 418.02,Virginia Beach City,Virginia,0
51810042000,Census Tract 420,Virginia Beach City,Virginia,0
51810042201,Census Tract 422.01,Virginia Beach City,Virginia,0
51810042202,Census Tract 422.02,Virginia Beach City,Virginia,0
51810042400,Census Tract 424,Virginia Beach City,Virginia,0
51810042600,Census Tract 426,Virginia Beach City,Virginia,0
51810042801,Census Tract 428.01,Virginia Beach City,Virginia,0
51810042802,Census Tract 428.02,Virginia Beach City,Virginia,0
51810043002,Census Tract 430.02,Virginia Beach City,Virginia,0
51810043003,Census Tract 430.03,Virginia Beach City,Virginia,0
51810043004,Census Tract 430.04,Virginia Beach City,Virginia,0
51810043200,Census Tract 432,Virginia Beach City,Virginia,0
51810043400,Census Tract 434,Virginia Beach City,Virginia,0
51810043600,Census Tract 436,Virginia Beach City,Virginia,0
51810043800,Census Tract 438,Virginia Beach City,Virginia,0
51810044001,Census Tract 440.01,Virginia Beach City,Virginia,1
51810044003,Census Tract 440.03,Virginia Beach City,Virginia,0
51810044004,Census Tract 440.04,Virginia Beach City,Virginia,0
51810044200,Census Tract 442,Virginia Beach City,Virginia,0
51810044401,Census Tract 444.01,Virginia Beach City,Virginia,0
51810044402,Census Tract 444.02,Virginia Beach City,Virginia,0
51810044600,Census Tract 446,Virginia Beach City,Virginia,0
51810044805,Census Tract 448.05,Virginia Beach City,Virginia,0
51810044806,Census Tract 448.06,Virginia Beach City,Virginia,0
51810044807,Census Tract 448.07,Virginia Beach City,Virginia,0
51810044808,Census Tract 448.08,Virginia Beach City,Virginia,0
51810045000,Census Tract 450,Virginia Beach City,Virginia,0
51810045200,Census Tract 452,Virginia Beach City,Virginia,0
51810045405,Census Tract 454.05,Virginia Beach City,Virginia,0
51810045406,Census Tract 454.06,Virginia Beach City,Virginia,0
51810045407,Census Tract 454.07,Virginia Beach City,Virginia,0
51810045408,Census Tract 454.08,Virginia Beach City,Virginia,1
51810045412,Census Tract 454.12,Virginia Beach City,Virginia,0
51810045414,Census Tract 454.14,Virginia Beach City,Virginia,0
51810045415,Census Tract 454.15,Virginia Beach City,Virginia,0
51810045417,Census Tract 454.17,Virginia Beach City,Virginia,0
51810045420,Census Tract 454.20,Virginia Beach City,Virginia,0
51810045421,Census Tract 454.21,Virginia Beach City,Virginia,0
51810045422,Census Tract 454.22,Virginia Beach City,Virginia,0
51810045423,Census Tract 454.23,Virginia Beach City,Virginia,0
51810045424,Census Tract 454.24,Virginia Beach City,Virginia,0
51810045425,Census Tract 454.25,Virginia Beach City,Virginia,0
51810045426,Census Tract 454.26,Virginia Beach City,Virginia,0
51810045427,Census Tract 454.27,Virginia Beach City,Virginia,0
51810045428,Census Tract 454.28,Virginia Beach City,Virginia,0
51810045601,Census Tract 456.01,Virginia Beach City,Virginia,0
51810045603,Census Tract 456.03,Virginia Beach City,Virginia,0
51810045604,Census Tract 456.04,Virginia Beach City,Virginia,0
51810045801,Census Tract 458.01,Virginia Beach City,Virginia,0
51810045803,Census Tract 458.03,Virginia Beach City,Virginia,0
51810045805,Census Tract 458.05,Virginia Beach City,Virginia,0
51810045806,Census Tract 458.06,Virginia Beach City,Virginia,0
51810045807,Census Tract 458.07,Virginia Beach City,Virginia,0
51810045808,Census Tract 458.08,Virginia Beach City,Virginia,0
51810045809,Census Tract 458.09,Virginia Beach City,Virginia,0
51810045810,Census Tract 458.10,Virginia Beach City,Virginia,0
51810046002,Census Tract 460.02,Virginia Beach City,Virginia,0
51810046005,Census Tract 460.05,Virginia Beach City,Virginia,0
51810046006,Census Tract 460.06,Virginia Beach City,Virginia,0
51810046009,Census Tract 460.09,Virginia Beach City,Virginia,0
51810046010,Census Tract 460.10,Virginia Beach City,Virginia,0
51810046011,Census Tract 460.11,Virginia Beach City,Virginia,0
51810046012,Census Tract 460.12,Virginia Beach City,Virginia,0
51810046013,Census Tract 460.13,Virginia Beach City,Virginia,0
51810046014,Census Tract 460.14,Virginia Beach City,Virginia,0
51810046015,Census Tract 460.15,Virginia Beach City,Virginia,0
51810046016,Census Tract 460.16,Virginia Beach City,Virginia,0
51810046204,Census Tract 462.04,Virginia Beach City,Virginia,0
51810046206,Census Tract 462.06,Virginia Beach City,Virginia,0
51810046207,Census Tract 462.07,Virginia Beach City,Virginia,0
51810046211,Census Tract 462.11,Virginia Beach City,Virginia,0
51810046212,Census Tract 462.12,Virginia Beach City,Virginia,0
51810046213,Census Tract 462.13,Virginia Beach City,Virginia,0
51810046214,Census Tract 462.14,Virginia Beach City,Virginia,0
51810046216,Census Tract 462.16,Virginia Beach City,Virginia,0
51810046217,Census Tract 462.17,Virginia Beach City,Virginia,0
51810046219,Census Tract 462.19,Virginia Beach City,Virginia,0
51810046220,Census Tract 462.20,Virginia Beach City,Virginia,0
51810046221,Census Tract 462.21,Virginia Beach City,Virginia,0
51810046222,Census Tract 462.22,Virginia Beach City,Virginia,0
51810046223,Census Tract 462.23,Virginia Beach City,Virginia,0
51810046224,Census Tract 462.24,Virginia Beach City,Virginia,0
51810046225,Census Tract 462.25,Virginia Beach City,Virginia,0
51810046400,Census Tract 464,Virginia Beach City,Virginia,0
51830370100,Census Tract 3701,Williamsburg City,Virginia,0
51830370200,Census Tract 3702,Williamsburg City,Virginia,1
51830370300,Census Tract 3703,Williamsburg City,Virginia,0
